-- phpMyAdmin SQL Dump
-- version 5.1.0
-- https://www.phpmyadmin.net/
--
-- Host: 127.0.0.1
-- Generation Time: Dec 15, 2022 at 12:43 PM
-- Server version: 10.4.19-MariaDB
-- PHP Version: 8.0.6

SET SQL_MODE = "NO_AUTO_VALUE_ON_ZERO";
START TRANSACTION;
SET time_zone = "+00:00";


/*!40101 SET @OLD_CHARACTER_SET_CLIENT=@@CHARACTER_SET_CLIENT */;
/*!40101 SET @OLD_CHARACTER_SET_RESULTS=@@CHARACTER_SET_RESULTS */;
/*!40101 SET @OLD_COLLATION_CONNECTION=@@COLLATION_CONNECTION */;
/*!40101 SET NAMES utf8mb4 */;

--
-- Database: `khvetsiemreapdb`
--

-- --------------------------------------------------------

--
-- Table structure for table `tbl_account`
--

CREATE TABLE `tbl_account` (
  `id` int(11) NOT NULL,
  `username` varchar(50) DEFAULT NULL,
  `password` varchar(50) DEFAULT NULL,
  `role` varchar(20) DEFAULT NULL,
  `namedisplay` varchar(50) DEFAULT NULL,
  `profile` varchar(255) DEFAULT NULL,
  `phone` char(30) NOT NULL,
  `gender` varchar(10) DEFAULT NULL,
  `created_at` datetime DEFAULT current_timestamp()
) ENGINE=InnoDB DEFAULT CHARSET=utf8mb4;

--
-- Dumping data for table `tbl_account`
--

INSERT INTO `tbl_account` (`id`, `username`, `password`, `role`, `namedisplay`, `profile`, `phone`, `gender`, `created_at`) VALUES
(1, 'admin@gmail.com', '202cb962ac59075b964b07152d234b70', 'Administrator', 'Ouk Pheaktra', '063941pmadmin.png', '095557899', 'Male', '2022-08-02 23:46:12'),
(11, 'laihorng@gmail.com', '202cb962ac59075b964b07152d234b70', 'Accountant', 'Saet Laihorng', '072604pmicons8-verified-account-100.png', '011292937', 'Female', '2022-11-19 19:51:11'),
(12, 'bora@gmail.com', '202cb962ac59075b964b07152d234b70', 'Cashier', 'Choun Bora', '072700pmicons8-see-male-account-100.png', '0969732662', 'Male', '2022-11-19 19:53:05'),
(13, 'sokun@gmail.com', '202cb962ac59075b964b07152d234b70', 'Cashier', 'Nhaem Sokun', '073930pmicons8-private-account-male-100 (2).png', '070245364', 'Male', '2022-11-19 19:57:45'),
(14, 'chida@gmail.com', 'a1d0c6e83f027327d8461063f4ac58a6', 'Cashier', 'Keo Chinda', '073037pmicons8-clever-woman-100.png', '0967019901', 'Female', '2022-11-19 19:58:04'),
(15, 'votey@gmail.com', '202cb962ac59075b964b07152d234b70', 'Cashier', 'Soma Votey', '073205pmicons8-system-administrator-female-100.png', '0965697244', 'Female', '2022-11-19 19:58:19');

-- --------------------------------------------------------

--
-- Table structure for table `tbl_discount`
--

CREATE TABLE `tbl_discount` (
  `id` int(11) NOT NULL,
  `name` varchar(255) DEFAULT NULL,
  `number` float DEFAULT NULL
) ENGINE=InnoDB DEFAULT CHARSET=utf8mb4;

--
-- Dumping data for table `tbl_discount`
--

INSERT INTO `tbl_discount` (`id`, `name`, `number`) VALUES
(1, 'Discount', 0);

-- --------------------------------------------------------

--
-- Table structure for table `tbl_fee`
--

CREATE TABLE `tbl_fee` (
  `id` int(11) NOT NULL,
  `name` varchar(255) DEFAULT NULL,
  `number` float DEFAULT NULL
) ENGINE=InnoDB DEFAULT CHARSET=utf8mb4;

--
-- Dumping data for table `tbl_fee`
--

INSERT INTO `tbl_fee` (`id`, `name`, `number`) VALUES
(1, 'VAT', 0),
(2, 'Service Charge', 0);

-- --------------------------------------------------------

--
-- Table structure for table `tbl_guest`
--

CREATE TABLE `tbl_guest` (
  `id` int(11) NOT NULL,
  `guest` int(11) DEFAULT NULL,
  `idtable` int(11) DEFAULT NULL,
  `created_at` datetime DEFAULT NULL
) ENGINE=InnoDB DEFAULT CHARSET=utf8;

-- --------------------------------------------------------

--
-- Table structure for table `tbl_inventory`
--

CREATE TABLE `tbl_inventory` (
  `id` int(11) NOT NULL,
  `idproduct` int(11) NOT NULL,
  `nameproduct` varchar(255) NOT NULL,
  `typeproduct` int(11) NOT NULL,
  `stock` int(11) NOT NULL,
  `stock_in` int(11) NOT NULL,
  `sold_out` int(11) NOT NULL,
  `created_at` datetime NOT NULL DEFAULT current_timestamp()
) ENGINE=InnoDB DEFAULT CHARSET=utf8;

--
-- Dumping data for table `tbl_inventory`
--

INSERT INTO `tbl_inventory` (`id`, `idproduct`, `nameproduct`, `typeproduct`, `stock`, `stock_in`, `sold_out`, `created_at`) VALUES
(1, 1, 'ស្តេកប្រចាំហាងខ្វិតសៀមរាប (L)', 1, 8, 0, 1, '2022-11-23 23:19:05'),
(2, 2, 'បាយឆាឡុកឡាក់ (S)', 1, 6, 0, 0, '2022-11-23 23:19:05'),
(3, 3, 'បាយឆាកាពិ (S)', 1, 5, 0, 0, '2022-11-23 23:19:05'),
(4, 4, 'បាយឆាបឋម (S)', 1, 5, 0, 0, '2022-11-23 23:19:05'),
(5, 5, 'បាយសាច់មាន់ (S)', 1, 5, 0, 0, '2022-11-23 23:19:05'),
(6, 6, 'បាយភ្លៅមាន់ (S)', 1, 9, 0, 0, '2022-11-23 23:19:05'),
(7, 7, 'បាយសាច់គោងៀត', 1, 10, 0, 0, '2022-11-23 23:19:05'),
(8, 8, 'សាច់មាន់បំពង', 1, 10, 0, 0, '2022-11-23 23:19:05'),
(9, 9, 'សរសៃកែងមាន់បំពងខ្ទឹមសរ (S)', 1, 10, 0, 0, '2022-11-23 23:19:05'),
(10, 10, 'មឹកអាំងពិសេស (S)', 1, 9, 0, 1, '2022-11-23 23:19:05'),
(11, 11, 'បុកសណ្តែកកួរសាច់ជ្រូកបំពងស្រួយ (S)', 1, 10, 0, 0, '2022-11-23 23:19:05'),
(12, 12, 'ត្រីក្រហមចំហ៊ុយក្រូចឆ្មា (S)', 1, 10, 0, 0, '2022-11-23 23:19:05'),
(13, 13, 'ត្រីក្រហមអាំងអំបិលម្ទេស (S)', 1, 10, 0, 0, '2022-11-23 23:19:05'),
(14, 14, 'ត្រីសាបាក់អាំងអំបិលម្ទេស (S)', 1, 10, 0, 0, '2022-11-23 23:19:05'),
(15, 15, 'គុយទាវពេលព្រឹក (S)', 1, 10, 0, 0, '2022-11-23 23:19:05'),
(16, 16, 'ពោតលីង (S)', 1, 10, 0, 0, '2022-11-23 23:19:05'),
(17, 17, 'ភ្លាសាច់គោនំបញ្ចុកក្រៀម (S)', 1, 10, 0, 0, '2022-11-23 23:19:05'),
(18, 18, 'ត្រីក្រហមបំពងជូរអែម (L)', 1, 10, 0, 0, '2022-11-23 23:19:05'),
(19, 19, 'ឡាបសាច់គោ (L)', 1, 10, 0, 0, '2022-11-23 23:19:05'),
(20, 20, 'ងាវឆាអំពិលទុំ (S)', 1, 10, 0, 0, '2022-11-23 23:19:05'),
(21, 21, 'ភ្លា NGO (S)', 1, 10, 0, 0, '2022-11-23 23:19:05'),
(22, 22, 'ប្រហិតគ្រប់មុខ (S)', 1, 10, 0, 0, '2022-11-23 23:19:05'),
(23, 23, 'ញាំស្វាយគ្រឿងសមុទ្រ (S)', 1, 10, 0, 0, '2022-11-23 23:19:05'),
(24, 24, 'បង្គាអាំង (S)', 1, 10, 0, 0, '2022-11-23 23:19:05'),
(25, 25, 'ឆាក្តៅសាច់មាន់ (S)', 1, 10, 0, 0, '2022-11-23 23:19:05'),
(26, 26, 'ងាវស្រស់ (S)', 1, 10, 0, 0, '2022-11-23 23:19:05'),
(27, 27, 'ត្រីសាម៉ុន (S)', 1, 10, 0, 0, '2022-11-23 23:19:05'),
(28, 28, 'បុកល្ហុងពិសេសនាដ (L)', 1, 10, 0, 0, '2022-11-23 23:19:05'),
(29, 29, 'អយស្ទ័រប៉ាស៊ីហ្វិក', 1, 10, 0, 0, '2022-11-23 23:19:05'),
(30, 30, 'អយស្ទ័រជប៉ុន', 1, 10, 0, 0, '2022-11-23 23:19:05'),
(31, 31, 'បង្គាទឹកភ្នែក', 1, 10, 0, 0, '2022-11-23 23:19:05'),
(32, 32, 'បង្កាទឹកស៊ីអ៊ីវ (S)', 1, 10, 0, 0, '2022-11-23 23:19:05'),
(33, 33, 'គ្រឿងសមុទ្រគ្រប់មុខ', 1, 10, 0, 0, '2022-11-23 23:19:05'),
(34, 34, 'ងាវត្រជាក់', 1, 10, 0, 0, '2022-11-23 23:19:05'),
(35, 35, 'ញុំបន្លែខ្ទឹមសបំពង', 1, 10, 0, 0, '2022-11-23 23:19:05'),
(36, 36, 'ត្រីសាបាក់ចំហុយក្រូចឆ្មា', 1, 10, 0, 0, '2022-11-23 23:19:05'),
(37, 37, 'បាយភ្លៅមាន់បំពង', 1, 10, 0, 0, '2022-11-23 23:19:05'),
(38, 38, 'ទឹកសុទ្ធ អង្គរពូរ៉ូ (Bottle)', 2, 9, 0, 1, '2022-11-23 23:19:05'),
(39, 39, 'កូកាកូឡា (Can)', 2, 5, 0, 1, '2022-11-23 23:19:05'),
(40, 40, 'ទឹកផ្លែឈើ (Can)', 2, 7, 0, 0, '2022-11-23 23:19:05'),
(41, 41, 'ប៉ិបស៊ី (Can)', 2, 8, 0, 0, '2022-11-23 23:19:05'),
(42, 42, 'ហ្វាន់តា (Can)', 2, 8, 0, 0, '2022-11-23 23:19:05'),
(43, 43, 'ស្តីង (Can)', 2, 10, 0, 0, '2022-11-23 23:19:05'),
(44, 44, 'ស្រ្ពាយ (Can)', 2, 0, 6, 0, '2022-11-23 23:19:05'),
(45, 50, 'Espresso ', 4, 9, 0, 0, '2022-11-23 23:19:05'),
(46, 51, 'Black Coffee', 4, 9, 0, 0, '2022-11-23 23:19:05'),
(47, 52, 'Cappuccino', 4, 9, 0, 0, '2022-11-23 23:19:05'),
(48, 53, 'Cafe Latte', 4, 9, 0, 0, '2022-11-23 23:19:05'),
(49, 54, 'Iced Cappuccino', 5, 1, 0, 0, '2022-11-23 23:19:05'),
(50, 55, 'Iced Latte', 5, 9, 0, 0, '2022-11-23 23:19:05'),
(51, 56, 'Iced Green Tea', 5, 9, 0, 0, '2022-11-23 23:19:05'),
(52, 57, 'Mango Seasonal Frappe', 6, 9, 0, 0, '2022-11-23 23:19:05'),
(53, 58, 'Black Tea Kiwi fresh fruit ', 7, 9, 0, 0, '2022-11-23 23:19:05'),
(54, 59, 'Black Tea Passion fresh fruit ', 7, 9, 0, 0, '2022-11-23 23:19:05'),
(55, 60, 'Black Tea Green Apple fresh fruit ', 7, 9, 0, 0, '2022-11-23 23:19:05'),
(56, 61, 'Black Tea Strawberry fresh fruit  ', 7, 9, 0, 0, '2022-11-23 23:19:05'),
(57, 62, 'Green Tea', 7, 9, 0, 0, '2022-11-23 23:19:05'),
(58, 63, 'Lemon Tea', 7, 10, 0, 0, '2022-11-23 23:19:05'),
(59, 64, 'Red Tea Latte', 7, 10, 0, 0, '2022-11-23 23:19:05'),
(60, 65, 'Milk Sweet Potato', 7, 10, 0, 0, '2022-11-23 23:19:05'),
(61, 66, 'Milk Green Tea', 7, 9, 0, 0, '2022-11-23 23:19:05'),
(62, 67, 'Milk Sweet Mango', 7, 8, 0, 0, '2022-11-23 23:19:05'),
(63, 68, 'Lime Juice Tea', 7, 9, 0, 0, '2022-11-23 23:19:05'),
(64, 69, 'Passion Juice Tea', 7, 8, 0, 0, '2022-11-23 23:19:05'),
(65, 70, 'Passion Soda', 7, 9, 0, 0, '2022-11-23 23:19:05'),
(66, 71, 'Blue Rain Cocktail', 7, 10, 0, 0, '2022-11-23 23:19:05'),
(67, 72, 'Yellow Rain Cocktail', 7, 10, 0, 0, '2022-11-23 23:19:05'),
(68, 73, 'COCA Rain Cocktail', 7, 2, 0, 0, '2022-11-23 23:19:05'),
(69, 74, 'គ្រឿងក្លែមខ្វិតសៀមរាប (S)', 1, 10, 0, 0, '2022-11-23 23:19:05'),
(70, 75, 'គ្រឿងក្លែមខ្វិតសៀមរាប (L)', 1, 10, 0, 0, '2022-11-23 23:19:05'),
(71, 76, 'បុកមាន់ (S) ', 1, 10, 0, 0, '2022-11-23 23:19:05'),
(72, 77, 'បុកមាន់ (L) ', 1, 10, 0, 0, '2022-11-23 23:19:05'),
(73, 78, 'ឡាបសាច់មាន់ (S)', 1, 10, 0, 0, '2022-11-23 23:19:05'),
(74, 79, 'ឡាបសាច់មាន់ (L)', 1, 10, 0, 0, '2022-11-23 23:19:05'),
(75, 80, 'មាន់ដុតកូកា ', 1, 10, 0, 0, '2022-11-23 23:19:05'),
(76, 81, 'មាន់រ៉ូទី ', 1, 10, 0, 0, '2022-11-23 23:19:05'),
(77, 82, 'មាន់ឆាក្ដៅ (S)', 1, 10, 0, 0, '2022-11-23 23:19:05'),
(78, 83, 'មាន់ឆាក្ដៅ (L)', 1, 10, 0, 0, '2022-11-23 23:19:05'),
(79, 84, 'ស្លាបមាន់បំពងរ៉ូទី (S) ', 1, 10, 0, 0, '2022-11-23 23:19:05'),
(80, 85, 'ស្លាបមាន់បំពងរ៉ូទី (L)', 1, 10, 0, 0, '2022-11-23 23:19:05'),
(81, 86, 'ស្លាបមាន់អាំង (S)', 1, 10, 0, 0, '2022-11-23 23:19:05'),
(82, 87, 'ស្លាបមាន់អាំង (L)', 1, 10, 0, 0, '2022-11-23 23:19:05'),
(83, 88, 'សរសៃកែងមាន់បំពងខ្ទឹម ស (S)', 1, 10, 0, 0, '2022-11-23 23:19:05'),
(84, 89, 'សរសៃកែងមាន់បំពងខ្ទឹម ស (L)', 1, 10, 0, 0, '2022-11-23 23:19:05'),
(85, 90, 'ភ្លាសាច់គោ (S)', 1, 10, 0, 0, '2022-11-23 23:19:05'),
(86, 91, 'ភ្លាសាច់គោ (L)', 1, 10, 0, 0, '2022-11-23 23:19:05'),
(87, 92, 'ឡាបសាច់គោ (S)', 1, 10, 0, 0, '2022-11-23 23:19:05'),
(88, 93, 'សាច់គោបំពងល្ង (S)', 1, 10, 0, 0, '2022-11-23 23:19:05'),
(89, 94, 'សាច់គោបំពងល្ង (L)', 1, 10, 0, 0, '2022-11-23 23:19:05'),
(90, 95, 'ងៀតគោ (S)', 1, 10, 0, 0, '2022-11-23 23:19:05'),
(91, 96, 'ងៀតគោ (L)', 1, 10, 0, 0, '2022-11-23 23:19:05'),
(92, 97, 'ខាត់ណាឆាសាច់គោ (S)', 1, 10, 0, 0, '2022-11-23 23:19:05'),
(93, 98, 'ខាត់ណាឆាសាច់គោ (L)', 1, 10, 0, 0, '2022-11-23 23:19:05'),
(94, 99, 'ងាវឆាអំពិលទុំ (S)', 1, 10, 0, 0, '2022-11-23 23:19:05'),
(95, 100, 'ងាវឆាអំពិលទុំ (L)', 1, 10, 0, 0, '2022-11-23 23:19:05'),
(96, 101, 'ឡុកឡាក់បែបអង់គ្លេស (S)', 1, 10, 0, 0, '2022-11-23 23:19:05'),
(97, 102, 'ឡុកឡាក់បែបអង់គ្លេស (L)', 1, 10, 0, 0, '2022-11-23 23:19:05'),
(98, 103, 'បុកសណ្ដែកកួរសាច់គោ (S)', 1, 10, 0, 0, '2022-11-23 23:19:05'),
(99, 104, 'បុកសណ្ដែកកួរសាច់គោ (L)', 1, 10, 0, 0, '2022-11-23 23:19:05'),
(100, 105, 'ប្រហិតសាច់គោអំបិលម្ទេស (S)', 1, 10, 0, 0, '2022-11-23 23:19:05'),
(101, 106, 'ប្រហិតសាច់គោអំបិលម្ទេស (L)', 1, 10, 0, 0, '2022-11-23 23:19:05'),
(102, 107, 'ឡាបសាច់ជ្រូក (S)', 1, 10, 0, 0, '2022-11-23 23:19:05'),
(103, 108, 'ឡាបសាច់ជ្រូក (L)', 1, 10, 0, 0, '2022-11-23 23:19:05'),
(104, 109, 'ឆ្អឹងជំនីជ្រូកបំពងខ្ទឹម ស (S)', 1, 10, 0, 0, '2022-11-23 23:19:05'),
(105, 110, 'ឆ្អឹងជំនីជ្រូកបំពងខ្ទឹម ស (L)', 1, 10, 0, 0, '2022-11-23 23:19:05'),
(106, 111, 'ឆ្អឹងជំនីជ្រូកអាំង (S)', 1, 10, 0, 0, '2022-11-23 23:19:05'),
(107, 112, 'ឆ្អឹងជំនីជ្រូកអាំង (L)', 1, 10, 0, 0, '2022-11-23 23:19:05'),
(108, 113, 'បុកហៃប៊ី សាច់ជ្រូកបីជាន់បំពងស្រួយ (S)', 1, 10, 0, 0, '2022-11-23 23:19:05'),
(109, 114, 'បុកហៃប៊ី សាច់ជ្រូកបីជាន់បំពងស្រួយ (L)', 1, 10, 0, 0, '2022-11-23 23:19:05'),
(110, 115, 'ភ្លាគ្រឿងសមុទ្រ (S)', 1, 10, 0, 0, '2022-11-23 23:19:05'),
(111, 116, 'ភ្លាគ្រឿងសមុទ្រ (L)', 1, 10, 0, 0, '2022-11-23 23:19:05'),
(112, 117, 'បង្គាលីងខ្ទឹម ស (S)', 1, 10, 0, 0, '2022-11-23 23:19:05'),
(113, 118, 'បង្គាលីងខ្ទឹម ស (L)', 1, 10, 0, 0, '2022-11-23 23:19:05'),
(114, 119, 'បង្គាទិកភ្នែក (S)', 1, 10, 0, 0, '2022-11-23 23:19:05'),
(115, 120, 'បង្គាទិកភ្នែក (L)', 1, 10, 0, 0, '2022-11-23 23:19:05'),
(116, 121, 'បង្គាអាំង (L)', 1, 10, 0, 0, '2022-11-23 23:19:05'),
(117, 122, 'មិកអាំង (S)', 1, 10, 0, 0, '2022-11-23 23:19:05'),
(118, 123, 'មិកអាំង (L)', 1, 10, 0, 0, '2022-11-23 23:19:05'),
(119, 124, 'យីហ៊ឺអាំង (S)', 1, 10, 0, 0, '2022-11-23 23:19:05'),
(120, 125, 'យីហ៊ឺអាំង (L)', 1, 10, 0, 0, '2022-11-23 23:19:05'),
(121, 126, 'ងាវឆាអំពិលទុំ (L)', 1, 10, 0, 0, '2022-11-23 23:19:05'),
(122, 127, 'ងាវអាំងម្ទេស (S)', 1, 10, 0, 0, '2022-11-23 23:19:05'),
(123, 128, 'ងាវអាំងម្ទេស (L)', 1, 10, 0, 0, '2022-11-23 23:19:05'),
(124, 129, 'បង្គាបុកចេកខ្ចី (S)', 1, 10, 0, 0, '2022-11-23 23:19:05'),
(125, 130, 'បង្គាបុកចេកខ្ចី (L)', 1, 10, 0, 0, '2022-11-23 23:19:05'),
(126, 131, 'អន្ទង់ឆាក្តៅ (S)', 1, 10, 0, 0, '2022-11-23 23:19:05'),
(127, 132, 'អន្ទង់ឆាក្តៅ (L)', 1, 10, 0, 0, '2022-11-23 23:19:05'),
(128, 133, 'កង្កែបឆាក្តៅ (S)', 1, 10, 0, 0, '2022-11-23 23:19:05'),
(129, 134, 'កង្កែបឆាក្តៅ (L)', 1, 10, 0, 0, '2022-11-23 23:19:05'),
(130, 135, 'ត្រីក្រហមអាំងម្ទេស (L)', 1, 10, 0, 0, '2022-11-23 23:19:05'),
(131, 136, 'ត្រីសាបាក់អាំងម្ទេស (L)', 1, 10, 0, 0, '2022-11-23 23:19:05'),
(132, 137, 'ត្រីក្រហមបំពងជូអែម (L)', 1, 10, 0, 0, '2022-11-23 23:19:05'),
(133, 138, 'ត្រីចំហុយទឹកស៊ីអីវ (L)', 1, 10, 0, 0, '2022-11-23 23:19:05'),
(134, 139, 'បុកសណ្ដែកកួរត្រីឆ្អើរ (S)', 1, 10, 0, 0, '2022-11-23 23:19:05'),
(135, 140, 'បុកសណ្ដែកកួរត្រីឆ្អើរ (L)', 1, 10, 0, 0, '2022-11-23 23:19:05'),
(136, 141, 'ត្រីចំហ៊ុយក្រូចឆ្មា (L)', 1, 10, 0, 0, '2022-11-23 23:19:05'),
(137, 142, 'ខាត់ណាទឹកភ្នែក (S)', 1, 10, 0, 0, '2022-11-23 23:19:05'),
(138, 143, 'ខាត់ណាទឹកភ្នែក (L)', 1, 10, 0, 0, '2022-11-23 23:19:05'),
(139, 144, 'ពោតលីង (L)', 1, 10, 0, 0, '2022-11-23 23:19:05'),
(140, 145, 'បន្លែឆាពិសេស (S)', 1, 10, 0, 0, '2022-11-23 23:19:05'),
(141, 146, 'បន្លែឆាពិសេស (L)', 1, 10, 0, 0, '2022-11-23 23:19:05'),
(142, 147, 'ត្រកួនប្រេងខ្យង (S)', 1, 10, 0, 0, '2022-11-23 23:19:05'),
(143, 148, 'ត្រកួនប្រេងខ្យង (L)', 1, 10, 0, 0, '2022-11-23 23:19:05'),
(144, 149, 'បន្លែឆាតាមរដូវកាល (S)', 1, 10, 0, 0, '2022-11-23 23:19:05'),
(145, 150, 'បន្លែឆាតាមរដូវកាល (L)', 1, 10, 0, 0, '2022-11-23 23:19:05'),
(146, 151, 'ញាំត្រយ៉ុងចេកសាច់មាន់ (S)', 1, 10, 0, 0, '2022-11-23 23:19:05'),
(147, 152, 'ញាំត្រយ៉ុងចេកសាច់មាន់ (L)', 1, 10, 0, 0, '2022-11-23 23:19:05'),
(148, 153, 'ញាំត្រយ៉ុងចេកគ្រឿងសមុទ្រ (S)', 1, 10, 0, 0, '2022-11-23 23:19:05'),
(149, 154, 'ញាំត្រយ៉ុងចេកគ្រឿងសមុទ្រ (L)', 1, 10, 0, 0, '2022-11-23 23:19:05'),
(150, 155, 'បាយយ៉ាងចូវ (S)', 1, 10, 0, 0, '2022-11-23 23:19:05'),
(151, 156, 'បាយយ៉ាងចូវ (L)', 1, 10, 0, 0, '2022-11-23 23:19:05'),
(152, 157, 'បាយ 79 (S)', 1, 10, 0, 0, '2022-11-23 23:19:05'),
(153, 158, 'បាយ 79 (L)', 1, 10, 0, 0, '2022-11-23 23:19:05'),
(154, 159, 'បាយសាច់គោ (S)', 1, 10, 0, 0, '2022-11-23 23:19:05'),
(155, 160, 'បាយសាច់គោ (L)', 1, 10, 0, 0, '2022-11-23 23:19:05'),
(156, 161, 'សម្លតុងយ៉ាំង (S)', 1, 10, 0, 0, '2022-11-23 23:19:05'),
(157, 162, 'សម្លតុងយ៉ាំង (L)', 1, 10, 0, 0, '2022-11-23 23:19:05'),
(158, 163, 'បុកល្ហុងពិសេសនាដ (S)', 1, 10, 0, 0, '2022-11-23 23:19:05'),
(159, 164, 'បង្កាទឹកស៊ីអ៊ីវ (L)', 1, 10, 0, 0, '2022-11-23 23:19:05'),
(160, 165, 'ត្រីសាម៉ុន (L)', 1, 10, 0, 0, '2022-11-23 23:19:05'),
(161, 166, 'ថៃហ្គ័រ (Can)', 3, 10, 0, 0, '2022-11-23 23:19:05'),
(162, 167, 'ថៃហ្គ័រ (Bottle)', 3, 10, 0, 0, '2022-11-23 23:19:05'),
(163, 168, 'អាន់ឆ័រ (Can)', 3, 10, 0, 0, '2022-11-23 23:19:05'),
(164, 169, 'អាន់ឆ័រ (Bottle)', 3, 10, 0, 0, '2022-11-23 23:19:05'),
(165, 170, 'អង្គរ (Can)', 3, 10, 0, 0, '2022-11-23 23:19:05'),
(166, 171, 'អង្គរ (Bottle)', 3, 10, 0, 0, '2022-11-23 23:19:05'),
(167, 172, 'ហិននីហ្គិន (Can)', 3, 10, 0, 0, '2022-11-23 23:19:05'),
(168, 173, 'ហិននីហ្គិន (Bottle)', 3, 10, 0, 0, '2022-11-23 23:19:05'),
(169, 174, 'ហនុមាន (Can)', 3, 10, 0, 0, '2022-11-23 23:19:05'),
(170, 175, 'ហនុមាន (Bottle)', 3, 10, 0, 0, '2022-11-23 23:19:05'),
(171, 176, 'អាបេសេ (Can)', 3, 10, 0, 0, '2022-11-23 23:19:05'),
(172, 177, 'អាបេសេ (Bottle)', 3, 10, 0, 0, '2022-11-23 23:19:05'),
(173, 178, 'ហ្គែនស្បឺត (Can)', 3, 10, 0, 0, '2022-11-23 23:19:05'),
(174, 179, 'Green Tea Latte', 4, 10, 0, 0, '2022-11-23 23:19:05'),
(175, 180, 'Chocolate', 4, 10, 0, 0, '2022-11-23 23:19:05'),
(176, 181, 'Mocha', 4, 10, 0, 0, '2022-11-23 23:19:05'),
(177, 182, 'Lemon Tea', 4, 10, 0, 0, '2022-11-23 23:19:05'),
(178, 183, 'Iced Espresso', 5, 10, 0, 0, '2022-11-23 23:19:05'),
(179, 184, 'Iced Coffee With Milk', 5, 10, 0, 0, '2022-11-23 23:19:05'),
(180, 185, 'Iced Chocolate ', 5, 10, 0, 0, '2022-11-23 23:19:05'),
(181, 186, 'Iced Mocha', 5, 10, 0, 0, '2022-11-23 23:19:05'),
(182, 187, 'Iced Lemon Tea', 5, 10, 0, 0, '2022-11-23 23:19:05'),
(183, 188, 'Iced Vanilla', 5, 10, 0, 0, '2022-11-23 23:19:05'),
(184, 189, 'Coffee Frappe', 6, 9, 0, 0, '2022-11-23 23:19:05'),
(185, 190, 'Mocha Frappe', 6, 9, 0, 0, '2022-11-23 23:19:05'),
(186, 191, 'Chocolate Frappe', 6, 9, 0, 0, '2022-11-23 23:19:05'),
(187, 192, 'Strawberry Frappe', 6, 10, 0, 0, '2022-11-23 23:19:05'),
(188, 193, 'Kiwi Frappe', 6, 10, 0, 0, '2022-11-23 23:19:05'),
(189, 194, 'Black Tea Peach fresh fruit', 7, 10, 0, 0, '2022-11-23 23:19:05'),
(190, 201, 'ទឹកសុទ្ធ គូលេន (Bottle)', 2, 10, 0, 0, '2022-11-23 23:19:05'),
(191, 202, 'គោជល់ (Can)', 2, 10, 0, 0, '2022-11-23 23:19:05'),
(192, 204, 'អាយ​ ខូឡា (Can)', 2, 10, 0, 0, '2022-11-23 23:19:05'),
(193, 205, 'ខារ៉ាប៉ាវ (Can)', 2, 10, 0, 0, '2022-11-23 23:19:05'),
(194, 206, 'ទឹកសុទ្ធ វីតាល់ (Bottle)', 2, 10, 0, 0, '2022-11-23 23:19:05'),
(195, 207, 'អូអីុឈិ (Bottle)', 2, 10, 0, 0, '2022-11-23 23:19:05'),
(196, 208, 'ប៉ូការីស្វេត (Bottle)', 2, 10, 0, 0, '2022-11-23 23:19:05'),
(197, 209, 'សាម៉ារ៉ាយ (Can)', 2, 10, 0, 0, '2022-11-23 23:19:05'),
(198, 217, 'គ្រុឌ (Can)', 3, 10, 0, 0, '2022-11-23 23:19:05'),
(199, 218, 'គ្រុឌ (Bottle)', 3, 10, 0, 0, '2022-11-23 23:19:05'),
(200, 219, 'ខេមបូឌា (Can)', 3, 10, 0, 0, '2022-11-23 23:19:05'),
(201, 220, 'ខេមបូឌា (Bottle)', 3, 10, 0, 0, '2022-11-23 23:19:05'),
(202, 221, 'Red Wine (Bottle)', 3, 10, 0, 0, '2022-11-23 23:19:05'),
(203, 222, 'White Wine (Bottle)', 3, 10, 0, 0, '2022-11-23 23:19:05'),
(204, 223, 'Jack Daniel Whisky', 3, 10, 0, 0, '2022-11-23 23:19:05'),
(205, 225, 'Vodka (Bottle)', 3, 10, 0, 0, '2022-11-23 23:19:05'),
(206, 1, 'ស្តេកប្រចាំហាងខ្វិតសៀមរាប (L)', 1, 8, 0, 0, '2022-11-28 13:56:43'),
(207, 2, 'បាយឆាឡុកឡាក់ (S)', 1, 6, 0, 0, '2022-11-28 13:56:43'),
(208, 3, 'បាយឆាកាពិ (S)', 1, 5, 0, 0, '2022-11-28 13:56:43'),
(209, 4, 'បាយឆាបឋម (S)', 1, 5, 0, 0, '2022-11-28 13:56:43'),
(210, 5, 'បាយសាច់មាន់ (S)', 1, 5, 0, 0, '2022-11-28 13:56:43'),
(211, 6, 'បាយភ្លៅមាន់ (S)', 1, 9, 0, 0, '2022-11-28 13:56:43'),
(212, 7, 'បាយសាច់គោងៀត', 1, 10, 0, 0, '2022-11-28 13:56:43'),
(213, 8, 'សាច់មាន់បំពង', 1, 10, 0, 0, '2022-11-28 13:56:43'),
(214, 9, 'សរសៃកែងមាន់បំពងខ្ទឹមសរ (S)', 1, 10, 0, 0, '2022-11-28 13:56:43'),
(215, 10, 'មឹកអាំងពិសេស (S)', 1, 9, 0, 0, '2022-11-28 13:56:43'),
(216, 11, 'បុកសណ្តែកកួរសាច់ជ្រូកបំពងស្រួយ (S)', 1, 10, 0, 0, '2022-11-28 13:56:43'),
(217, 12, 'ត្រីក្រហមចំហ៊ុយក្រូចឆ្មា (S)', 1, 10, 0, 0, '2022-11-28 13:56:43'),
(218, 13, 'ត្រីក្រហមអាំងអំបិលម្ទេស (S)', 1, 10, 0, 0, '2022-11-28 13:56:43'),
(219, 14, 'ត្រីសាបាក់អាំងអំបិលម្ទេស (S)', 1, 10, 0, 0, '2022-11-28 13:56:43'),
(220, 15, 'គុយទាវពេលព្រឹក (S)', 1, 10, 0, 0, '2022-11-28 13:56:43'),
(221, 16, 'ពោតលីង (S)', 1, 10, 0, 0, '2022-11-28 13:56:43'),
(222, 17, 'ភ្លាសាច់គោនំបញ្ចុកក្រៀម (S)', 1, 10, 0, 0, '2022-11-28 13:56:43'),
(223, 18, 'ត្រីក្រហមបំពងជូរអែម (L)', 1, 10, 0, 0, '2022-11-28 13:56:43'),
(224, 19, 'ឡាបសាច់គោ (L)', 1, 10, 0, 0, '2022-11-28 13:56:43'),
(225, 20, 'ងាវឆាអំពិលទុំ (S)', 1, 10, 0, 0, '2022-11-28 13:56:43'),
(226, 21, 'ភ្លា NGO (S)', 1, 10, 0, 0, '2022-11-28 13:56:43'),
(227, 22, 'ប្រហិតគ្រប់មុខ (S)', 1, 10, 0, 0, '2022-11-28 13:56:43'),
(228, 23, 'ញាំស្វាយគ្រឿងសមុទ្រ (S)', 1, 10, 0, 0, '2022-11-28 13:56:43'),
(229, 24, 'បង្គាអាំង (S)', 1, 10, 0, 0, '2022-11-28 13:56:43'),
(230, 25, 'ឆាក្តៅសាច់មាន់ (S)', 1, 10, 0, 0, '2022-11-28 13:56:43'),
(231, 26, 'ងាវស្រស់ (S)', 1, 10, 0, 0, '2022-11-28 13:56:43'),
(232, 27, 'ត្រីសាម៉ុន (S)', 1, 10, 0, 0, '2022-11-28 13:56:43'),
(233, 28, 'បុកល្ហុងពិសេសនាដ (L)', 1, 10, 0, 0, '2022-11-28 13:56:43'),
(234, 29, 'អយស្ទ័រប៉ាស៊ីហ្វិក', 1, 10, 0, 0, '2022-11-28 13:56:43'),
(235, 30, 'អយស្ទ័រជប៉ុន', 1, 10, 0, 0, '2022-11-28 13:56:43'),
(236, 31, 'បង្គាទឹកភ្នែក', 1, 10, 0, 0, '2022-11-28 13:56:43'),
(237, 32, 'បង្កាទឹកស៊ីអ៊ីវ (S)', 1, 10, 0, 0, '2022-11-28 13:56:43'),
(238, 33, 'គ្រឿងសមុទ្រគ្រប់មុខ', 1, 10, 0, 0, '2022-11-28 13:56:43'),
(239, 34, 'ងាវត្រជាក់', 1, 10, 0, 0, '2022-11-28 13:56:43'),
(240, 35, 'ញុំបន្លែខ្ទឹមសបំពង', 1, 10, 0, 0, '2022-11-28 13:56:43'),
(241, 36, 'ត្រីសាបាក់ចំហុយក្រូចឆ្មា', 1, 10, 0, 0, '2022-11-28 13:56:43'),
(242, 37, 'បាយភ្លៅមាន់បំពង', 1, 10, 0, 0, '2022-11-28 13:56:43'),
(243, 38, 'ទឹកសុទ្ធ អង្គរពូរ៉ូ (Bottle)', 2, 9, 0, 0, '2022-11-28 13:56:43'),
(244, 39, 'កូកាកូឡា (Can)', 2, 10, 0, 0, '2022-11-28 13:56:43'),
(245, 40, 'ទឹកផ្លែឈើ (Can)', 2, 7, 0, 0, '2022-11-28 13:56:43'),
(246, 41, 'ប៉ិបស៊ី (Can)', 2, 8, 0, 0, '2022-11-28 13:56:43'),
(247, 42, 'ហ្វាន់តា (Can)', 2, 8, 0, 0, '2022-11-28 13:56:43'),
(248, 43, 'ស្តីង (Can)', 2, 10, 0, 0, '2022-11-28 13:56:43'),
(249, 44, 'ស្រ្ពាយ (Can)', 2, 16, 0, 0, '2022-11-28 13:56:43'),
(250, 50, 'Espresso ', 4, 9, 0, 0, '2022-11-28 13:56:43'),
(251, 51, 'Black Coffee', 4, 9, 0, 0, '2022-11-28 13:56:43'),
(252, 52, 'Cappuccino', 4, 9, 0, 0, '2022-11-28 13:56:43'),
(253, 53, 'Cafe Latte', 4, 9, 0, 0, '2022-11-28 13:56:43'),
(254, 54, 'Iced Cappuccino', 5, 1, 0, 0, '2022-11-28 13:56:43'),
(255, 55, 'Iced Latte', 5, 9, 0, 0, '2022-11-28 13:56:43'),
(256, 56, 'Iced Green Tea', 5, 9, 0, 0, '2022-11-28 13:56:43'),
(257, 57, 'Mango Seasonal Frappe', 6, 9, 0, 0, '2022-11-28 13:56:43'),
(258, 58, 'Black Tea Kiwi fresh fruit ', 7, 9, 0, 0, '2022-11-28 13:56:43'),
(259, 59, 'Black Tea Passion fresh fruit ', 7, 9, 0, 0, '2022-11-28 13:56:43'),
(260, 60, 'Black Tea Green Apple fresh fruit ', 7, 9, 0, 0, '2022-11-28 13:56:43'),
(261, 61, 'Black Tea Strawberry fresh fruit  ', 7, 9, 0, 0, '2022-11-28 13:56:43'),
(262, 62, 'Green Tea', 7, 9, 0, 0, '2022-11-28 13:56:43'),
(263, 63, 'Lemon Tea', 7, 10, 0, 0, '2022-11-28 13:56:43'),
(264, 64, 'Red Tea Latte', 7, 10, 0, 0, '2022-11-28 13:56:43'),
(265, 65, 'Milk Sweet Potato', 7, 10, 0, 0, '2022-11-28 13:56:43'),
(266, 66, 'Milk Green Tea', 7, 9, 0, 0, '2022-11-28 13:56:43'),
(267, 67, 'Milk Sweet Mango', 7, 8, 0, 0, '2022-11-28 13:56:43'),
(268, 68, 'Lime Juice Tea', 7, 9, 0, 0, '2022-11-28 13:56:43'),
(269, 69, 'Passion Juice Tea', 7, 8, 0, 0, '2022-11-28 13:56:43'),
(270, 70, 'Passion Soda', 7, 9, 0, 0, '2022-11-28 13:56:43'),
(271, 71, 'Blue Rain Cocktail', 7, 10, 0, 0, '2022-11-28 13:56:43'),
(272, 72, 'Yellow Rain Cocktail', 7, 10, 0, 0, '2022-11-28 13:56:43'),
(273, 73, 'COCA Rain Cocktail', 7, 2, 0, 0, '2022-11-28 13:56:43'),
(274, 74, 'គ្រឿងក្លែមខ្វិតសៀមរាប (S)', 1, 10, 0, 0, '2022-11-28 13:56:43'),
(275, 75, 'គ្រឿងក្លែមខ្វិតសៀមរាប (L)', 1, 10, 0, 0, '2022-11-28 13:56:43'),
(276, 76, 'បុកមាន់ (S) ', 1, 10, 0, 0, '2022-11-28 13:56:43'),
(277, 77, 'បុកមាន់ (L) ', 1, 10, 0, 0, '2022-11-28 13:56:43'),
(278, 78, 'ឡាបសាច់មាន់ (S)', 1, 10, 0, 0, '2022-11-28 13:56:43'),
(279, 79, 'ឡាបសាច់មាន់ (L)', 1, 10, 0, 0, '2022-11-28 13:56:43'),
(280, 80, 'មាន់ដុតកូកា ', 1, 10, 0, 0, '2022-11-28 13:56:43'),
(281, 81, 'មាន់រ៉ូទី ', 1, 10, 0, 0, '2022-11-28 13:56:43'),
(282, 82, 'មាន់ឆាក្ដៅ (S)', 1, 10, 0, 0, '2022-11-28 13:56:43'),
(283, 83, 'មាន់ឆាក្ដៅ (L)', 1, 10, 0, 0, '2022-11-28 13:56:43'),
(284, 84, 'ស្លាបមាន់បំពងរ៉ូទី (S) ', 1, 10, 0, 0, '2022-11-28 13:56:43'),
(285, 85, 'ស្លាបមាន់បំពងរ៉ូទី (L)', 1, 10, 0, 0, '2022-11-28 13:56:43'),
(286, 86, 'ស្លាបមាន់អាំង (S)', 1, 10, 0, 0, '2022-11-28 13:56:43'),
(287, 87, 'ស្លាបមាន់អាំង (L)', 1, 10, 0, 0, '2022-11-28 13:56:43'),
(288, 88, 'សរសៃកែងមាន់បំពងខ្ទឹម ស (S)', 1, 10, 0, 0, '2022-11-28 13:56:43'),
(289, 89, 'សរសៃកែងមាន់បំពងខ្ទឹម ស (L)', 1, 10, 0, 0, '2022-11-28 13:56:43'),
(290, 90, 'ភ្លាសាច់គោ (S)', 1, 10, 0, 0, '2022-11-28 13:56:43'),
(291, 91, 'ភ្លាសាច់គោ (L)', 1, 10, 0, 0, '2022-11-28 13:56:43'),
(292, 92, 'ឡាបសាច់គោ (S)', 1, 10, 0, 0, '2022-11-28 13:56:43'),
(293, 93, 'សាច់គោបំពងល្ង (S)', 1, 10, 0, 0, '2022-11-28 13:56:43'),
(294, 94, 'សាច់គោបំពងល្ង (L)', 1, 10, 0, 0, '2022-11-28 13:56:43'),
(295, 95, 'ងៀតគោ (S)', 1, 10, 0, 0, '2022-11-28 13:56:43'),
(296, 96, 'ងៀតគោ (L)', 1, 10, 0, 0, '2022-11-28 13:56:43'),
(297, 97, 'ខាត់ណាឆាសាច់គោ (S)', 1, 10, 0, 0, '2022-11-28 13:56:43'),
(298, 98, 'ខាត់ណាឆាសាច់គោ (L)', 1, 10, 0, 0, '2022-11-28 13:56:43'),
(299, 99, 'ងាវឆាអំពិលទុំ (S)', 1, 10, 0, 0, '2022-11-28 13:56:43'),
(300, 100, 'ងាវឆាអំពិលទុំ (L)', 1, 10, 0, 0, '2022-11-28 13:56:43'),
(301, 101, 'ឡុកឡាក់បែបអង់គ្លេស (S)', 1, 10, 0, 0, '2022-11-28 13:56:43'),
(302, 102, 'ឡុកឡាក់បែបអង់គ្លេស (L)', 1, 10, 0, 0, '2022-11-28 13:56:43'),
(303, 103, 'បុកសណ្ដែកកួរសាច់គោ (S)', 1, 10, 0, 0, '2022-11-28 13:56:43'),
(304, 104, 'បុកសណ្ដែកកួរសាច់គោ (L)', 1, 10, 0, 0, '2022-11-28 13:56:43'),
(305, 105, 'ប្រហិតសាច់គោអំបិលម្ទេស (S)', 1, 10, 0, 0, '2022-11-28 13:56:43'),
(306, 106, 'ប្រហិតសាច់គោអំបិលម្ទេស (L)', 1, 10, 0, 0, '2022-11-28 13:56:43'),
(307, 107, 'ឡាបសាច់ជ្រូក (S)', 1, 10, 0, 0, '2022-11-28 13:56:43'),
(308, 108, 'ឡាបសាច់ជ្រូក (L)', 1, 10, 0, 0, '2022-11-28 13:56:43'),
(309, 109, 'ឆ្អឹងជំនីជ្រូកបំពងខ្ទឹម ស (S)', 1, 10, 0, 0, '2022-11-28 13:56:43'),
(310, 110, 'ឆ្អឹងជំនីជ្រូកបំពងខ្ទឹម ស (L)', 1, 10, 0, 0, '2022-11-28 13:56:43'),
(311, 111, 'ឆ្អឹងជំនីជ្រូកអាំង (S)', 1, 10, 0, 0, '2022-11-28 13:56:43'),
(312, 112, 'ឆ្អឹងជំនីជ្រូកអាំង (L)', 1, 10, 0, 0, '2022-11-28 13:56:43'),
(313, 113, 'បុកហៃប៊ី សាច់ជ្រូកបីជាន់បំពងស្រួយ (S)', 1, 10, 0, 0, '2022-11-28 13:56:43'),
(314, 114, 'បុកហៃប៊ី សាច់ជ្រូកបីជាន់បំពងស្រួយ (L)', 1, 10, 0, 0, '2022-11-28 13:56:43'),
(315, 115, 'ភ្លាគ្រឿងសមុទ្រ (S)', 1, 10, 0, 0, '2022-11-28 13:56:43'),
(316, 116, 'ភ្លាគ្រឿងសមុទ្រ (L)', 1, 10, 0, 0, '2022-11-28 13:56:43'),
(317, 117, 'បង្គាលីងខ្ទឹម ស (S)', 1, 10, 0, 0, '2022-11-28 13:56:43'),
(318, 118, 'បង្គាលីងខ្ទឹម ស (L)', 1, 10, 0, 0, '2022-11-28 13:56:43'),
(319, 119, 'បង្គាទិកភ្នែក (S)', 1, 10, 0, 0, '2022-11-28 13:56:43'),
(320, 120, 'បង្គាទិកភ្នែក (L)', 1, 10, 0, 0, '2022-11-28 13:56:43'),
(321, 121, 'បង្គាអាំង (L)', 1, 10, 0, 0, '2022-11-28 13:56:43'),
(322, 122, 'មិកអាំង (S)', 1, 10, 0, 0, '2022-11-28 13:56:43'),
(323, 123, 'មិកអាំង (L)', 1, 10, 0, 0, '2022-11-28 13:56:43'),
(324, 124, 'យីហ៊ឺអាំង (S)', 1, 10, 0, 0, '2022-11-28 13:56:43'),
(325, 125, 'យីហ៊ឺអាំង (L)', 1, 10, 0, 0, '2022-11-28 13:56:43'),
(326, 126, 'ងាវឆាអំពិលទុំ (L)', 1, 10, 0, 0, '2022-11-28 13:56:43'),
(327, 127, 'ងាវអាំងម្ទេស (S)', 1, 10, 0, 0, '2022-11-28 13:56:43'),
(328, 128, 'ងាវអាំងម្ទេស (L)', 1, 10, 0, 0, '2022-11-28 13:56:43'),
(329, 129, 'បង្គាបុកចេកខ្ចី (S)', 1, 10, 0, 0, '2022-11-28 13:56:43'),
(330, 130, 'បង្គាបុកចេកខ្ចី (L)', 1, 10, 0, 0, '2022-11-28 13:56:43'),
(331, 131, 'អន្ទង់ឆាក្តៅ (S)', 1, 10, 0, 0, '2022-11-28 13:56:43'),
(332, 132, 'អន្ទង់ឆាក្តៅ (L)', 1, 10, 0, 0, '2022-11-28 13:56:43'),
(333, 133, 'កង្កែបឆាក្តៅ (S)', 1, 10, 0, 0, '2022-11-28 13:56:43'),
(334, 134, 'កង្កែបឆាក្តៅ (L)', 1, 10, 0, 0, '2022-11-28 13:56:43'),
(335, 135, 'ត្រីក្រហមអាំងម្ទេស (L)', 1, 10, 0, 0, '2022-11-28 13:56:43'),
(336, 136, 'ត្រីសាបាក់អាំងម្ទេស (L)', 1, 10, 0, 0, '2022-11-28 13:56:43'),
(337, 137, 'ត្រីក្រហមបំពងជូអែម (L)', 1, 10, 0, 0, '2022-11-28 13:56:43'),
(338, 138, 'ត្រីចំហុយទឹកស៊ីអីវ (L)', 1, 10, 0, 0, '2022-11-28 13:56:43'),
(339, 139, 'បុកសណ្ដែកកួរត្រីឆ្អើរ (S)', 1, 10, 0, 0, '2022-11-28 13:56:43'),
(340, 140, 'បុកសណ្ដែកកួរត្រីឆ្អើរ (L)', 1, 10, 0, 0, '2022-11-28 13:56:43'),
(341, 141, 'ត្រីចំហ៊ុយក្រូចឆ្មា (L)', 1, 10, 0, 0, '2022-11-28 13:56:43'),
(342, 142, 'ខាត់ណាទឹកភ្នែក (S)', 1, 10, 0, 0, '2022-11-28 13:56:43'),
(343, 143, 'ខាត់ណាទឹកភ្នែក (L)', 1, 10, 0, 0, '2022-11-28 13:56:43'),
(344, 144, 'ពោតលីង (L)', 1, 10, 0, 0, '2022-11-28 13:56:43'),
(345, 145, 'បន្លែឆាពិសេស (S)', 1, 10, 0, 0, '2022-11-28 13:56:43'),
(346, 146, 'បន្លែឆាពិសេស (L)', 1, 10, 0, 0, '2022-11-28 13:56:43'),
(347, 147, 'ត្រកួនប្រេងខ្យង (S)', 1, 10, 0, 0, '2022-11-28 13:56:43'),
(348, 148, 'ត្រកួនប្រេងខ្យង (L)', 1, 10, 0, 0, '2022-11-28 13:56:43'),
(349, 149, 'បន្លែឆាតាមរដូវកាល (S)', 1, 10, 0, 0, '2022-11-28 13:56:43'),
(350, 150, 'បន្លែឆាតាមរដូវកាល (L)', 1, 10, 0, 0, '2022-11-28 13:56:43'),
(351, 151, 'ញាំត្រយ៉ុងចេកសាច់មាន់ (S)', 1, 10, 0, 0, '2022-11-28 13:56:43'),
(352, 152, 'ញាំត្រយ៉ុងចេកសាច់មាន់ (L)', 1, 10, 0, 0, '2022-11-28 13:56:43'),
(353, 153, 'ញាំត្រយ៉ុងចេកគ្រឿងសមុទ្រ (S)', 1, 10, 0, 0, '2022-11-28 13:56:43'),
(354, 154, 'ញាំត្រយ៉ុងចេកគ្រឿងសមុទ្រ (L)', 1, 10, 0, 0, '2022-11-28 13:56:43'),
(355, 155, 'បាយយ៉ាងចូវ (S)', 1, 10, 0, 0, '2022-11-28 13:56:43'),
(356, 156, 'បាយយ៉ាងចូវ (L)', 1, 10, 0, 0, '2022-11-28 13:56:43'),
(357, 157, 'បាយ 79 (S)', 1, 10, 0, 0, '2022-11-28 13:56:43'),
(358, 158, 'បាយ 79 (L)', 1, 10, 0, 0, '2022-11-28 13:56:43'),
(359, 159, 'បាយសាច់គោ (S)', 1, 10, 0, 0, '2022-11-28 13:56:43'),
(360, 160, 'បាយសាច់គោ (L)', 1, 10, 0, 0, '2022-11-28 13:56:43'),
(361, 161, 'សម្លតុងយ៉ាំង (S)', 1, 10, 0, 0, '2022-11-28 13:56:43'),
(362, 162, 'សម្លតុងយ៉ាំង (L)', 1, 10, 0, 0, '2022-11-28 13:56:43'),
(363, 163, 'បុកល្ហុងពិសេសនាដ (S)', 1, 10, 0, 0, '2022-11-28 13:56:43'),
(364, 164, 'បង្កាទឹកស៊ីអ៊ីវ (L)', 1, 10, 0, 0, '2022-11-28 13:56:43'),
(365, 165, 'ត្រីសាម៉ុន (L)', 1, 10, 0, 0, '2022-11-28 13:56:43'),
(366, 166, 'ថៃហ្គ័រ (Can)', 3, 10, 0, 0, '2022-11-28 13:56:43'),
(367, 167, 'ថៃហ្គ័រ (Bottle)', 3, 10, 0, 0, '2022-11-28 13:56:43'),
(368, 168, 'អាន់ឆ័រ (Can)', 3, 10, 0, 0, '2022-11-28 13:56:43'),
(369, 169, 'អាន់ឆ័រ (Bottle)', 3, 10, 0, 0, '2022-11-28 13:56:43'),
(370, 170, 'អង្គរ (Can)', 3, 10, 0, 0, '2022-11-28 13:56:43'),
(371, 171, 'អង្គរ (Bottle)', 3, 10, 0, 0, '2022-11-28 13:56:43'),
(372, 172, 'ហិននីហ្គិន (Can)', 3, 10, 0, 0, '2022-11-28 13:56:43'),
(373, 173, 'ហិននីហ្គិន (Bottle)', 3, 10, 0, 0, '2022-11-28 13:56:43'),
(374, 174, 'ហនុមាន (Can)', 3, 10, 0, 0, '2022-11-28 13:56:43'),
(375, 175, 'ហនុមាន (Bottle)', 3, 10, 0, 0, '2022-11-28 13:56:43'),
(376, 176, 'អាបេសេ (Can)', 3, 10, 0, 0, '2022-11-28 13:56:43'),
(377, 177, 'អាបេសេ (Bottle)', 3, 10, 0, 0, '2022-11-28 13:56:43'),
(378, 178, 'ហ្គែនស្បឺត (Can)', 3, 10, 0, 0, '2022-11-28 13:56:43'),
(379, 179, 'Green Tea Latte', 4, 10, 0, 0, '2022-11-28 13:56:43'),
(380, 180, 'Chocolate', 4, 10, 0, 0, '2022-11-28 13:56:43'),
(381, 181, 'Mocha', 4, 10, 0, 0, '2022-11-28 13:56:43'),
(382, 182, 'Lemon Tea', 4, 10, 0, 0, '2022-11-28 13:56:43'),
(383, 183, 'Iced Espresso', 5, 10, 0, 0, '2022-11-28 13:56:43'),
(384, 184, 'Iced Coffee With Milk', 5, 10, 0, 0, '2022-11-28 13:56:43'),
(385, 185, 'Iced Chocolate ', 5, 10, 0, 0, '2022-11-28 13:56:43'),
(386, 186, 'Iced Mocha', 5, 10, 0, 0, '2022-11-28 13:56:43'),
(387, 187, 'Iced Lemon Tea', 5, 10, 0, 0, '2022-11-28 13:56:43'),
(388, 188, 'Iced Vanilla', 5, 10, 0, 0, '2022-11-28 13:56:43'),
(389, 189, 'Coffee Frappe', 6, 9, 0, 0, '2022-11-28 13:56:43'),
(390, 190, 'Mocha Frappe', 6, 9, 0, 0, '2022-11-28 13:56:43'),
(391, 191, 'Chocolate Frappe', 6, 9, 0, 0, '2022-11-28 13:56:43'),
(392, 192, 'Strawberry Frappe', 6, 10, 0, 0, '2022-11-28 13:56:43'),
(393, 193, 'Kiwi Frappe', 6, 10, 0, 0, '2022-11-28 13:56:43'),
(394, 194, 'Black Tea Peach fresh fruit', 7, 10, 0, 0, '2022-11-28 13:56:43'),
(395, 201, 'ទឹកសុទ្ធ គូលេន (Bottle)', 2, 10, 0, 0, '2022-11-28 13:56:43'),
(396, 202, 'គោជល់ (Can)', 2, 10, 0, 0, '2022-11-28 13:56:43'),
(397, 204, 'អាយ​ ខូឡា (Can)', 2, 10, 0, 0, '2022-11-28 13:56:43'),
(398, 205, 'ខារ៉ាប៉ាវ (Can)', 2, 10, 0, 0, '2022-11-28 13:56:43'),
(399, 206, 'ទឹកសុទ្ធ វីតាល់ (Bottle)', 2, 10, 0, 0, '2022-11-28 13:56:43'),
(400, 207, 'អូអីុឈិ (Bottle)', 2, 10, 0, 0, '2022-11-28 13:56:43'),
(401, 208, 'ប៉ូការីស្វេត (Bottle)', 2, 10, 0, 0, '2022-11-28 13:56:43'),
(402, 209, 'សាម៉ារ៉ាយ (Can)', 2, 10, 0, 0, '2022-11-28 13:56:43'),
(403, 217, 'គ្រុឌ (Can)', 3, 10, 0, 0, '2022-11-28 13:56:43'),
(404, 218, 'គ្រុឌ (Bottle)', 3, 10, 0, 0, '2022-11-28 13:56:43'),
(405, 219, 'ខេមបូឌា (Can)', 3, 10, 0, 0, '2022-11-28 13:56:43'),
(406, 220, 'ខេមបូឌា (Bottle)', 3, 10, 0, 0, '2022-11-28 13:56:43'),
(407, 221, 'Red Wine (Bottle)', 3, 10, 0, 0, '2022-11-28 13:56:43'),
(408, 222, 'White Wine (Bottle)', 3, 10, 0, 0, '2022-11-28 13:56:43'),
(409, 223, 'Jack Daniel Whisky', 3, 10, 0, 0, '2022-11-28 13:56:43'),
(410, 225, 'Vodka (Bottle)', 3, 10, 0, 0, '2022-11-28 13:56:43'),
(411, 1, 'ស្តេកប្រចាំហាងខ្វិតសៀមរាប (L)', 1, 8, 0, 0, '2022-12-04 00:49:02'),
(412, 2, 'បាយឆាឡុកឡាក់ (S)', 1, 6, 0, 0, '2022-12-04 00:49:02'),
(413, 3, 'បាយឆាកាពិ (S)', 1, 5, 0, 0, '2022-12-04 00:49:02'),
(414, 4, 'បាយឆាបឋម (S)', 1, 5, 0, 0, '2022-12-04 00:49:02'),
(415, 5, 'បាយសាច់មាន់ (S)', 1, 5, 0, 0, '2022-12-04 00:49:02'),
(416, 6, 'បាយភ្លៅមាន់ (S)', 1, 9, 0, 0, '2022-12-04 00:49:02'),
(417, 7, 'បាយសាច់គោងៀត', 1, 10, 0, 0, '2022-12-04 00:49:02'),
(418, 8, 'សាច់មាន់បំពង', 1, 10, 0, 0, '2022-12-04 00:49:02'),
(419, 9, 'សរសៃកែងមាន់បំពងខ្ទឹមសរ (S)', 1, 10, 0, 0, '2022-12-04 00:49:02'),
(420, 10, 'មឹកអាំងពិសេស (S)', 1, 9, 0, 0, '2022-12-04 00:49:02'),
(421, 11, 'បុកសណ្តែកកួរសាច់ជ្រូកបំពងស្រួយ (S)', 1, 10, 0, 0, '2022-12-04 00:49:02'),
(422, 12, 'ត្រីក្រហមចំហ៊ុយក្រូចឆ្មា (S)', 1, 10, 0, 0, '2022-12-04 00:49:02'),
(423, 13, 'ត្រីក្រហមអាំងអំបិលម្ទេស (S)', 1, 10, 0, 0, '2022-12-04 00:49:02'),
(424, 14, 'ត្រីសាបាក់អាំងអំបិលម្ទេស (S)', 1, 10, 0, 0, '2022-12-04 00:49:02'),
(425, 15, 'គុយទាវពេលព្រឹក (S)', 1, 10, 0, 0, '2022-12-04 00:49:02'),
(426, 16, 'ពោតលីង (S)', 1, 10, 0, 0, '2022-12-04 00:49:02'),
(427, 17, 'ភ្លាសាច់គោនំបញ្ចុកក្រៀម (S)', 1, 10, 0, 0, '2022-12-04 00:49:02'),
(428, 18, 'ត្រីក្រហមបំពងជូរអែម (L)', 1, 10, 0, 0, '2022-12-04 00:49:02'),
(429, 19, 'ឡាបសាច់គោ (L)', 1, 10, 0, 0, '2022-12-04 00:49:02'),
(430, 20, 'ងាវឆាអំពិលទុំ (S)', 1, 10, 0, 0, '2022-12-04 00:49:02'),
(431, 21, 'ភ្លា NGO (S)', 1, 10, 0, 0, '2022-12-04 00:49:02'),
(432, 22, 'ប្រហិតគ្រប់មុខ (S)', 1, 10, 0, 0, '2022-12-04 00:49:02'),
(433, 23, 'ញាំស្វាយគ្រឿងសមុទ្រ (S)', 1, 10, 0, 0, '2022-12-04 00:49:02'),
(434, 24, 'បង្គាអាំង (S)', 1, 10, 0, 0, '2022-12-04 00:49:02'),
(435, 25, 'ឆាក្តៅសាច់មាន់ (S)', 1, 10, 0, 0, '2022-12-04 00:49:02'),
(436, 26, 'ងាវស្រស់ (S)', 1, 10, 0, 0, '2022-12-04 00:49:02'),
(437, 27, 'ត្រីសាម៉ុន (S)', 1, 10, 0, 0, '2022-12-04 00:49:02'),
(438, 28, 'បុកល្ហុងពិសេសនាដ (L)', 1, 10, 0, 0, '2022-12-04 00:49:02'),
(439, 29, 'អយស្ទ័រប៉ាស៊ីហ្វិក', 1, 10, 0, 0, '2022-12-04 00:49:02'),
(440, 30, 'អយស្ទ័រជប៉ុន', 1, 10, 0, 0, '2022-12-04 00:49:02'),
(441, 31, 'បង្គាទឹកភ្នែក', 1, 10, 0, 0, '2022-12-04 00:49:02'),
(442, 32, 'បង្កាទឹកស៊ីអ៊ីវ (S)', 1, 10, 0, 0, '2022-12-04 00:49:02'),
(443, 33, 'គ្រឿងសមុទ្រគ្រប់មុខ', 1, 10, 0, 0, '2022-12-04 00:49:02'),
(444, 34, 'ងាវត្រជាក់', 1, 10, 0, 0, '2022-12-04 00:49:02'),
(445, 35, 'ញុំបន្លែខ្ទឹមសបំពង', 1, 10, 0, 0, '2022-12-04 00:49:02'),
(446, 36, 'ត្រីសាបាក់ចំហុយក្រូចឆ្មា', 1, 10, 0, 0, '2022-12-04 00:49:02'),
(447, 37, 'បាយភ្លៅមាន់បំពង', 1, 10, 0, 0, '2022-12-04 00:49:02'),
(448, 38, 'ទឹកសុទ្ធ អង្គរពូរ៉ូ (Bottle)', 2, 9, 0, 0, '2022-12-04 00:49:02'),
(449, 39, 'កូកាកូឡា (Can)', 2, 10, 0, 0, '2022-12-04 00:49:02'),
(450, 40, 'ទឹកផ្លែឈើ (Can)', 2, 7, 0, 0, '2022-12-04 00:49:02'),
(451, 41, 'ប៉ិបស៊ី (Can)', 2, 8, 0, 0, '2022-12-04 00:49:02'),
(452, 42, 'ហ្វាន់តា (Can)', 2, 8, 0, 0, '2022-12-04 00:49:02'),
(453, 43, 'ស្តីង (Can)', 2, 10, 0, 0, '2022-12-04 00:49:02'),
(454, 44, 'ស្រ្ពាយ (Can)', 2, 16, 0, 0, '2022-12-04 00:49:02'),
(455, 50, 'Espresso ', 4, 9, 0, 0, '2022-12-04 00:49:02'),
(456, 51, 'Black Coffee', 4, 9, 0, 0, '2022-12-04 00:49:02'),
(457, 52, 'Cappuccino', 4, 9, 0, 0, '2022-12-04 00:49:02'),
(458, 53, 'Cafe Latte', 4, 9, 0, 0, '2022-12-04 00:49:02'),
(459, 54, 'Iced Cappuccino', 5, 1, 0, 0, '2022-12-04 00:49:02'),
(460, 55, 'Iced Latte', 5, 9, 0, 0, '2022-12-04 00:49:02'),
(461, 56, 'Iced Green Tea', 5, 9, 0, 0, '2022-12-04 00:49:02'),
(462, 57, 'Mango Seasonal Frappe', 6, 9, 0, 0, '2022-12-04 00:49:02'),
(463, 58, 'Black Tea Kiwi fresh fruit ', 7, 9, 0, 0, '2022-12-04 00:49:02'),
(464, 59, 'Black Tea Passion fresh fruit ', 7, 9, 0, 0, '2022-12-04 00:49:02'),
(465, 60, 'Black Tea Green Apple fresh fruit ', 7, 9, 0, 0, '2022-12-04 00:49:02'),
(466, 61, 'Black Tea Strawberry fresh fruit  ', 7, 9, 0, 0, '2022-12-04 00:49:02'),
(467, 62, 'Green Tea', 7, 9, 0, 0, '2022-12-04 00:49:02'),
(468, 63, 'Lemon Tea', 7, 10, 0, 0, '2022-12-04 00:49:02'),
(469, 64, 'Red Tea Latte', 7, 10, 0, 0, '2022-12-04 00:49:02'),
(470, 65, 'Milk Sweet Potato', 7, 10, 0, 0, '2022-12-04 00:49:02'),
(471, 66, 'Milk Green Tea', 7, 9, 0, 0, '2022-12-04 00:49:02'),
(472, 67, 'Milk Sweet Mango', 7, 8, 0, 0, '2022-12-04 00:49:02'),
(473, 68, 'Lime Juice Tea', 7, 9, 0, 0, '2022-12-04 00:49:02'),
(474, 69, 'Passion Juice Tea', 7, 8, 0, 0, '2022-12-04 00:49:02'),
(475, 70, 'Passion Soda', 7, 9, 0, 0, '2022-12-04 00:49:02'),
(476, 71, 'Blue Rain Cocktail', 7, 10, 0, 0, '2022-12-04 00:49:02'),
(477, 72, 'Yellow Rain Cocktail', 7, 10, 0, 0, '2022-12-04 00:49:02'),
(478, 73, 'COCA Rain Cocktail', 7, 2, 0, 0, '2022-12-04 00:49:02'),
(479, 74, 'គ្រឿងក្លែមខ្វិតសៀមរាប (S)', 1, 10, 0, 0, '2022-12-04 00:49:02'),
(480, 75, 'គ្រឿងក្លែមខ្វិតសៀមរាប (L)', 1, 10, 0, 0, '2022-12-04 00:49:02'),
(481, 76, 'បុកមាន់ (S) ', 1, 10, 0, 0, '2022-12-04 00:49:02'),
(482, 77, 'បុកមាន់ (L) ', 1, 10, 0, 0, '2022-12-04 00:49:02'),
(483, 78, 'ឡាបសាច់មាន់ (S)', 1, 10, 0, 0, '2022-12-04 00:49:02'),
(484, 79, 'ឡាបសាច់មាន់ (L)', 1, 10, 0, 0, '2022-12-04 00:49:02'),
(485, 80, 'មាន់ដុតកូកា ', 1, 10, 0, 0, '2022-12-04 00:49:02'),
(486, 81, 'មាន់រ៉ូទី ', 1, 10, 0, 0, '2022-12-04 00:49:02'),
(487, 82, 'មាន់ឆាក្ដៅ (S)', 1, 10, 0, 0, '2022-12-04 00:49:02'),
(488, 83, 'មាន់ឆាក្ដៅ (L)', 1, 10, 0, 0, '2022-12-04 00:49:02'),
(489, 84, 'ស្លាបមាន់បំពងរ៉ូទី (S) ', 1, 10, 0, 0, '2022-12-04 00:49:02'),
(490, 85, 'ស្លាបមាន់បំពងរ៉ូទី (L)', 1, 10, 0, 0, '2022-12-04 00:49:02'),
(491, 86, 'ស្លាបមាន់អាំង (S)', 1, 10, 0, 0, '2022-12-04 00:49:02'),
(492, 87, 'ស្លាបមាន់អាំង (L)', 1, 10, 0, 0, '2022-12-04 00:49:02'),
(493, 88, 'សរសៃកែងមាន់បំពងខ្ទឹម ស (S)', 1, 10, 0, 0, '2022-12-04 00:49:02'),
(494, 89, 'សរសៃកែងមាន់បំពងខ្ទឹម ស (L)', 1, 10, 0, 0, '2022-12-04 00:49:02'),
(495, 90, 'ភ្លាសាច់គោ (S)', 1, 10, 0, 0, '2022-12-04 00:49:02'),
(496, 91, 'ភ្លាសាច់គោ (L)', 1, 10, 0, 0, '2022-12-04 00:49:02'),
(497, 92, 'ឡាបសាច់គោ (S)', 1, 10, 0, 0, '2022-12-04 00:49:02'),
(498, 93, 'សាច់គោបំពងល្ង (S)', 1, 10, 0, 0, '2022-12-04 00:49:02'),
(499, 94, 'សាច់គោបំពងល្ង (L)', 1, 10, 0, 0, '2022-12-04 00:49:02'),
(500, 95, 'ងៀតគោ (S)', 1, 10, 0, 0, '2022-12-04 00:49:02'),
(501, 96, 'ងៀតគោ (L)', 1, 10, 0, 0, '2022-12-04 00:49:02'),
(502, 97, 'ខាត់ណាឆាសាច់គោ (S)', 1, 10, 0, 0, '2022-12-04 00:49:02'),
(503, 98, 'ខាត់ណាឆាសាច់គោ (L)', 1, 10, 0, 0, '2022-12-04 00:49:02'),
(504, 99, 'ងាវឆាអំពិលទុំ (S)', 1, 10, 0, 0, '2022-12-04 00:49:02'),
(505, 100, 'ងាវឆាអំពិលទុំ (L)', 1, 10, 0, 0, '2022-12-04 00:49:02'),
(506, 101, 'ឡុកឡាក់បែបអង់គ្លេស (S)', 1, 10, 0, 0, '2022-12-04 00:49:02'),
(507, 102, 'ឡុកឡាក់បែបអង់គ្លេស (L)', 1, 10, 0, 0, '2022-12-04 00:49:02'),
(508, 103, 'បុកសណ្ដែកកួរសាច់គោ (S)', 1, 10, 0, 0, '2022-12-04 00:49:02'),
(509, 104, 'បុកសណ្ដែកកួរសាច់គោ (L)', 1, 10, 0, 0, '2022-12-04 00:49:02'),
(510, 105, 'ប្រហិតសាច់គោអំបិលម្ទេស (S)', 1, 10, 0, 0, '2022-12-04 00:49:02'),
(511, 106, 'ប្រហិតសាច់គោអំបិលម្ទេស (L)', 1, 10, 0, 0, '2022-12-04 00:49:02'),
(512, 107, 'ឡាបសាច់ជ្រូក (S)', 1, 10, 0, 0, '2022-12-04 00:49:02'),
(513, 108, 'ឡាបសាច់ជ្រូក (L)', 1, 10, 0, 0, '2022-12-04 00:49:02'),
(514, 109, 'ឆ្អឹងជំនីជ្រូកបំពងខ្ទឹម ស (S)', 1, 10, 0, 0, '2022-12-04 00:49:02'),
(515, 110, 'ឆ្អឹងជំនីជ្រូកបំពងខ្ទឹម ស (L)', 1, 10, 0, 0, '2022-12-04 00:49:02'),
(516, 111, 'ឆ្អឹងជំនីជ្រូកអាំង (S)', 1, 10, 0, 0, '2022-12-04 00:49:02'),
(517, 112, 'ឆ្អឹងជំនីជ្រូកអាំង (L)', 1, 10, 0, 0, '2022-12-04 00:49:02'),
(518, 113, 'បុកហៃប៊ី សាច់ជ្រូកបីជាន់បំពងស្រួយ (S)', 1, 10, 0, 0, '2022-12-04 00:49:02'),
(519, 114, 'បុកហៃប៊ី សាច់ជ្រូកបីជាន់បំពងស្រួយ (L)', 1, 10, 0, 0, '2022-12-04 00:49:02'),
(520, 115, 'ភ្លាគ្រឿងសមុទ្រ (S)', 1, 10, 0, 0, '2022-12-04 00:49:02'),
(521, 116, 'ភ្លាគ្រឿងសមុទ្រ (L)', 1, 10, 0, 0, '2022-12-04 00:49:02'),
(522, 117, 'បង្គាលីងខ្ទឹម ស (S)', 1, 10, 0, 0, '2022-12-04 00:49:02'),
(523, 118, 'បង្គាលីងខ្ទឹម ស (L)', 1, 10, 0, 0, '2022-12-04 00:49:02'),
(524, 119, 'បង្គាទិកភ្នែក (S)', 1, 10, 0, 0, '2022-12-04 00:49:02'),
(525, 120, 'បង្គាទិកភ្នែក (L)', 1, 10, 0, 0, '2022-12-04 00:49:02'),
(526, 121, 'បង្គាអាំង (L)', 1, 10, 0, 0, '2022-12-04 00:49:02'),
(527, 122, 'មិកអាំង (S)', 1, 10, 0, 0, '2022-12-04 00:49:02'),
(528, 123, 'មិកអាំង (L)', 1, 10, 0, 0, '2022-12-04 00:49:02'),
(529, 124, 'យីហ៊ឺអាំង (S)', 1, 10, 0, 0, '2022-12-04 00:49:02'),
(530, 125, 'យីហ៊ឺអាំង (L)', 1, 10, 0, 0, '2022-12-04 00:49:02'),
(531, 126, 'ងាវឆាអំពិលទុំ (L)', 1, 10, 0, 0, '2022-12-04 00:49:02'),
(532, 127, 'ងាវអាំងម្ទេស (S)', 1, 10, 0, 0, '2022-12-04 00:49:02'),
(533, 128, 'ងាវអាំងម្ទេស (L)', 1, 10, 0, 0, '2022-12-04 00:49:02'),
(534, 129, 'បង្គាបុកចេកខ្ចី (S)', 1, 10, 0, 0, '2022-12-04 00:49:02'),
(535, 130, 'បង្គាបុកចេកខ្ចី (L)', 1, 10, 0, 0, '2022-12-04 00:49:02'),
(536, 131, 'អន្ទង់ឆាក្តៅ (S)', 1, 10, 0, 0, '2022-12-04 00:49:02'),
(537, 132, 'អន្ទង់ឆាក្តៅ (L)', 1, 10, 0, 0, '2022-12-04 00:49:02'),
(538, 133, 'កង្កែបឆាក្តៅ (S)', 1, 10, 0, 0, '2022-12-04 00:49:02'),
(539, 134, 'កង្កែបឆាក្តៅ (L)', 1, 10, 0, 0, '2022-12-04 00:49:02'),
(540, 135, 'ត្រីក្រហមអាំងម្ទេស (L)', 1, 10, 0, 0, '2022-12-04 00:49:02'),
(541, 136, 'ត្រីសាបាក់អាំងម្ទេស (L)', 1, 10, 0, 0, '2022-12-04 00:49:02'),
(542, 137, 'ត្រីក្រហមបំពងជូអែម (L)', 1, 10, 0, 0, '2022-12-04 00:49:02'),
(543, 138, 'ត្រីចំហុយទឹកស៊ីអីវ (L)', 1, 10, 0, 0, '2022-12-04 00:49:02'),
(544, 139, 'បុកសណ្ដែកកួរត្រីឆ្អើរ (S)', 1, 10, 0, 0, '2022-12-04 00:49:02'),
(545, 140, 'បុកសណ្ដែកកួរត្រីឆ្អើរ (L)', 1, 10, 0, 0, '2022-12-04 00:49:02'),
(546, 141, 'ត្រីចំហ៊ុយក្រូចឆ្មា (L)', 1, 10, 0, 0, '2022-12-04 00:49:02'),
(547, 142, 'ខាត់ណាទឹកភ្នែក (S)', 1, 10, 0, 0, '2022-12-04 00:49:02'),
(548, 143, 'ខាត់ណាទឹកភ្នែក (L)', 1, 10, 0, 0, '2022-12-04 00:49:02'),
(549, 144, 'ពោតលីង (L)', 1, 10, 0, 0, '2022-12-04 00:49:02'),
(550, 145, 'បន្លែឆាពិសេស (S)', 1, 10, 0, 0, '2022-12-04 00:49:02'),
(551, 146, 'បន្លែឆាពិសេស (L)', 1, 10, 0, 0, '2022-12-04 00:49:02'),
(552, 147, 'ត្រកួនប្រេងខ្យង (S)', 1, 10, 0, 0, '2022-12-04 00:49:02'),
(553, 148, 'ត្រកួនប្រេងខ្យង (L)', 1, 10, 0, 0, '2022-12-04 00:49:02'),
(554, 149, 'បន្លែឆាតាមរដូវកាល (S)', 1, 10, 0, 0, '2022-12-04 00:49:02'),
(555, 150, 'បន្លែឆាតាមរដូវកាល (L)', 1, 10, 0, 0, '2022-12-04 00:49:02'),
(556, 151, 'ញាំត្រយ៉ុងចេកសាច់មាន់ (S)', 1, 10, 0, 0, '2022-12-04 00:49:02'),
(557, 152, 'ញាំត្រយ៉ុងចេកសាច់មាន់ (L)', 1, 10, 0, 0, '2022-12-04 00:49:02'),
(558, 153, 'ញាំត្រយ៉ុងចេកគ្រឿងសមុទ្រ (S)', 1, 10, 0, 0, '2022-12-04 00:49:02'),
(559, 154, 'ញាំត្រយ៉ុងចេកគ្រឿងសមុទ្រ (L)', 1, 10, 0, 0, '2022-12-04 00:49:02'),
(560, 155, 'បាយយ៉ាងចូវ (S)', 1, 10, 0, 0, '2022-12-04 00:49:02'),
(561, 156, 'បាយយ៉ាងចូវ (L)', 1, 10, 0, 0, '2022-12-04 00:49:02'),
(562, 157, 'បាយ 79 (S)', 1, 10, 0, 0, '2022-12-04 00:49:02'),
(563, 158, 'បាយ 79 (L)', 1, 10, 0, 0, '2022-12-04 00:49:02'),
(564, 159, 'បាយសាច់គោ (S)', 1, 10, 0, 0, '2022-12-04 00:49:02'),
(565, 160, 'បាយសាច់គោ (L)', 1, 10, 0, 0, '2022-12-04 00:49:02'),
(566, 161, 'សម្លតុងយ៉ាំង (S)', 1, 10, 0, 0, '2022-12-04 00:49:02'),
(567, 162, 'សម្លតុងយ៉ាំង (L)', 1, 10, 0, 0, '2022-12-04 00:49:02'),
(568, 163, 'បុកល្ហុងពិសេសនាដ (S)', 1, 10, 0, 0, '2022-12-04 00:49:02'),
(569, 164, 'បង្កាទឹកស៊ីអ៊ីវ (L)', 1, 10, 0, 0, '2022-12-04 00:49:02'),
(570, 165, 'ត្រីសាម៉ុន (L)', 1, 10, 0, 0, '2022-12-04 00:49:02'),
(571, 166, 'ថៃហ្គ័រ (Can)', 3, 10, 0, 0, '2022-12-04 00:49:02'),
(572, 167, 'ថៃហ្គ័រ (Bottle)', 3, 10, 0, 0, '2022-12-04 00:49:02'),
(573, 168, 'អាន់ឆ័រ (Can)', 3, 10, 0, 0, '2022-12-04 00:49:02'),
(574, 169, 'អាន់ឆ័រ (Bottle)', 3, 10, 0, 0, '2022-12-04 00:49:02'),
(575, 170, 'អង្គរ (Can)', 3, 10, 0, 0, '2022-12-04 00:49:02'),
(576, 171, 'អង្គរ (Bottle)', 3, 10, 0, 0, '2022-12-04 00:49:02'),
(577, 172, 'ហិននីហ្គិន (Can)', 3, 10, 0, 0, '2022-12-04 00:49:02'),
(578, 173, 'ហិននីហ្គិន (Bottle)', 3, 10, 0, 0, '2022-12-04 00:49:02'),
(579, 174, 'ហនុមាន (Can)', 3, 10, 0, 0, '2022-12-04 00:49:02'),
(580, 175, 'ហនុមាន (Bottle)', 3, 10, 0, 0, '2022-12-04 00:49:02'),
(581, 176, 'អាបេសេ (Can)', 3, 10, 0, 0, '2022-12-04 00:49:02'),
(582, 177, 'អាបេសេ (Bottle)', 3, 10, 0, 0, '2022-12-04 00:49:02'),
(583, 178, 'ហ្គែនស្បឺត (Can)', 3, 10, 0, 0, '2022-12-04 00:49:02'),
(584, 179, 'Green Tea Latte', 4, 10, 0, 0, '2022-12-04 00:49:02'),
(585, 180, 'Chocolate', 4, 10, 0, 0, '2022-12-04 00:49:02'),
(586, 181, 'Mocha', 4, 10, 0, 0, '2022-12-04 00:49:02'),
(587, 182, 'Lemon Tea', 4, 10, 0, 0, '2022-12-04 00:49:02'),
(588, 183, 'Iced Espresso', 5, 10, 0, 0, '2022-12-04 00:49:02'),
(589, 184, 'Iced Coffee With Milk', 5, 10, 0, 0, '2022-12-04 00:49:02'),
(590, 185, 'Iced Chocolate ', 5, 10, 0, 0, '2022-12-04 00:49:02'),
(591, 186, 'Iced Mocha', 5, 10, 0, 0, '2022-12-04 00:49:02'),
(592, 187, 'Iced Lemon Tea', 5, 10, 0, 0, '2022-12-04 00:49:02'),
(593, 188, 'Iced Vanilla', 5, 10, 0, 0, '2022-12-04 00:49:02'),
(594, 189, 'Coffee Frappe', 6, 9, 0, 0, '2022-12-04 00:49:02'),
(595, 190, 'Mocha Frappe', 6, 9, 0, 0, '2022-12-04 00:49:02'),
(596, 191, 'Chocolate Frappe', 6, 9, 0, 0, '2022-12-04 00:49:02'),
(597, 192, 'Strawberry Frappe', 6, 10, 0, 0, '2022-12-04 00:49:02'),
(598, 193, 'Kiwi Frappe', 6, 10, 0, 0, '2022-12-04 00:49:02'),
(599, 194, 'Black Tea Peach fresh fruit', 7, 10, 0, 0, '2022-12-04 00:49:02'),
(600, 201, 'ទឹកសុទ្ធ គូលេន (Bottle)', 2, 10, 0, 0, '2022-12-04 00:49:02'),
(601, 202, 'គោជល់ (Can)', 2, 10, 0, 0, '2022-12-04 00:49:02'),
(602, 204, 'អាយ​ ខូឡា (Can)', 2, 10, 0, 0, '2022-12-04 00:49:02'),
(603, 205, 'ខារ៉ាប៉ាវ (Can)', 2, 10, 0, 0, '2022-12-04 00:49:02'),
(604, 206, 'ទឹកសុទ្ធ វីតាល់ (Bottle)', 2, 10, 0, 0, '2022-12-04 00:49:02'),
(605, 207, 'អូអីុឈិ (Bottle)', 2, 10, 0, 0, '2022-12-04 00:49:02'),
(606, 208, 'ប៉ូការីស្វេត (Bottle)', 2, 10, 0, 0, '2022-12-04 00:49:02'),
(607, 209, 'សាម៉ារ៉ាយ (Can)', 2, 10, 0, 0, '2022-12-04 00:49:02'),
(608, 217, 'គ្រុឌ (Can)', 3, 10, 0, 0, '2022-12-04 00:49:02'),
(609, 218, 'គ្រុឌ (Bottle)', 3, 10, 0, 0, '2022-12-04 00:49:02'),
(610, 219, 'ខេមបូឌា (Can)', 3, 10, 0, 0, '2022-12-04 00:49:02'),
(611, 220, 'ខេមបូឌា (Bottle)', 3, 10, 0, 0, '2022-12-04 00:49:02'),
(612, 221, 'Red Wine (Bottle)', 3, 10, 0, 0, '2022-12-04 00:49:02'),
(613, 222, 'White Wine (Bottle)', 3, 10, 0, 0, '2022-12-04 00:49:02'),
(614, 223, 'Jack Daniel Whisky', 3, 10, 0, 0, '2022-12-04 00:49:02'),
(615, 225, 'Vodka (Bottle)', 3, 10, 0, 0, '2022-12-04 00:49:02'),
(668, 1, 'ស្តេកប្រចាំហាងខ្វិតសៀមរាប (L)', 1, 8, 0, 0, '2022-12-10 23:03:54'),
(669, 2, 'បាយឆាឡុកឡាក់ (S)', 1, 6, 0, 0, '2022-12-10 23:03:54'),
(670, 3, 'បាយឆាកាពិ (S)', 1, 5, 0, 0, '2022-12-10 23:03:54'),
(671, 4, 'បាយឆាបឋម (S)', 1, 5, 0, 0, '2022-12-10 23:03:54'),
(672, 5, 'បាយសាច់មាន់ (S)', 1, 5, 0, 0, '2022-12-10 23:03:54'),
(673, 6, 'បាយភ្លៅមាន់ (S)', 1, 9, 0, 0, '2022-12-10 23:03:54'),
(674, 7, 'បាយសាច់គោងៀត', 1, 10, 0, 0, '2022-12-10 23:03:54'),
(675, 8, 'សាច់មាន់បំពង', 1, 10, 0, 0, '2022-12-10 23:03:54'),
(676, 9, 'សរសៃកែងមាន់បំពងខ្ទឹមសរ (S)', 1, 10, 0, 0, '2022-12-10 23:03:54'),
(677, 10, 'មឹកអាំងពិសេស (S)', 1, 9, 0, 0, '2022-12-10 23:03:54'),
(678, 11, 'បុកសណ្តែកកួរសាច់ជ្រូកបំពងស្រួយ (S)', 1, 10, 0, 0, '2022-12-10 23:03:54'),
(679, 12, 'ត្រីក្រហមចំហ៊ុយក្រូចឆ្មា (S)', 1, 10, 0, 0, '2022-12-10 23:03:54'),
(680, 13, 'ត្រីក្រហមអាំងអំបិលម្ទេស (S)', 1, 10, 0, 0, '2022-12-10 23:03:54'),
(681, 14, 'ត្រីសាបាក់អាំងអំបិលម្ទេស (S)', 1, 10, 0, 0, '2022-12-10 23:03:54'),
(682, 15, 'គុយទាវពេលព្រឹក (S)', 1, 10, 0, 0, '2022-12-10 23:03:54'),
(683, 16, 'ពោតលីង (S)', 1, 10, 0, 0, '2022-12-10 23:03:54'),
(684, 17, 'ភ្លាសាច់គោនំបញ្ចុកក្រៀម (S)', 1, 10, 0, 0, '2022-12-10 23:03:54'),
(685, 18, 'ត្រីក្រហមបំពងជូរអែម (L)', 1, 10, 0, 0, '2022-12-10 23:03:54'),
(686, 19, 'ឡាបសាច់គោ (L)', 1, 10, 0, 0, '2022-12-10 23:03:54'),
(687, 20, 'ងាវឆាអំពិលទុំ (S)', 1, 10, 0, 0, '2022-12-10 23:03:54'),
(688, 21, 'ភ្លា NGO (S)', 1, 10, 0, 0, '2022-12-10 23:03:54'),
(689, 22, 'ប្រហិតគ្រប់មុខ (S)', 1, 10, 0, 0, '2022-12-10 23:03:54'),
(690, 23, 'ញាំស្វាយគ្រឿងសមុទ្រ (S)', 1, 10, 0, 0, '2022-12-10 23:03:54'),
(691, 24, 'បង្គាអាំង (S)', 1, 10, 0, 0, '2022-12-10 23:03:54'),
(692, 25, 'ឆាក្តៅសាច់មាន់ (S)', 1, 10, 0, 0, '2022-12-10 23:03:54'),
(693, 26, 'ងាវស្រស់ (S)', 1, 10, 0, 0, '2022-12-10 23:03:54'),
(694, 27, 'ត្រីសាម៉ុន (S)', 1, 10, 0, 0, '2022-12-10 23:03:54'),
(695, 28, 'បុកល្ហុងពិសេសនាដ (L)', 1, 10, 0, 0, '2022-12-10 23:03:54'),
(696, 29, 'អយស្ទ័រប៉ាស៊ីហ្វិក', 1, 10, 0, 0, '2022-12-10 23:03:54'),
(697, 30, 'អយស្ទ័រជប៉ុន', 1, 10, 0, 0, '2022-12-10 23:03:54'),
(698, 31, 'បង្គាទឹកភ្នែក', 1, 10, 0, 0, '2022-12-10 23:03:54'),
(699, 32, 'បង្កាទឹកស៊ីអ៊ីវ (S)', 1, 10, 0, 0, '2022-12-10 23:03:54'),
(700, 33, 'គ្រឿងសមុទ្រគ្រប់មុខ', 1, 10, 0, 0, '2022-12-10 23:03:54'),
(701, 34, 'ងាវត្រជាក់', 1, 10, 0, 0, '2022-12-10 23:03:54'),
(702, 35, 'ញុំបន្លែខ្ទឹមសបំពង', 1, 10, 0, 0, '2022-12-10 23:03:54'),
(703, 36, 'ត្រីសាបាក់ចំហុយក្រូចឆ្មា', 1, 10, 0, 0, '2022-12-10 23:03:54'),
(704, 37, 'បាយភ្លៅមាន់បំពង', 1, 10, 0, 0, '2022-12-10 23:03:54'),
(705, 38, 'ទឹកសុទ្ធ អង្គរពូរ៉ូ (Bottle)', 2, 9, 0, 0, '2022-12-10 23:03:54'),
(706, 39, 'កូកាកូឡា (Can)', 2, 10, 0, 0, '2022-12-10 23:03:54'),
(707, 40, 'ទឹកផ្លែឈើ (Can)', 2, 7, 0, 0, '2022-12-10 23:03:54'),
(708, 41, 'ប៉ិបស៊ី (Can)', 2, 8, 0, 0, '2022-12-10 23:03:54'),
(709, 42, 'ហ្វាន់តា (Can)', 2, 8, 0, 0, '2022-12-10 23:03:54'),
(710, 43, 'ស្តីង (Can)', 2, 10, 0, 0, '2022-12-10 23:03:54'),
(711, 44, 'ស្រ្ពាយ (Can)', 2, 16, 0, 0, '2022-12-10 23:03:54'),
(712, 50, 'Espresso ', 4, 9, 0, 0, '2022-12-10 23:03:54'),
(713, 51, 'Black Coffee', 4, 9, 0, 0, '2022-12-10 23:03:54'),
(714, 52, 'Cappuccino', 4, 9, 0, 0, '2022-12-10 23:03:54'),
(715, 53, 'Cafe Latte', 4, 9, 0, 0, '2022-12-10 23:03:54'),
(716, 54, 'Iced Cappuccino', 5, 1, 0, 0, '2022-12-10 23:03:54'),
(717, 55, 'Iced Latte', 5, 9, 0, 0, '2022-12-10 23:03:54'),
(718, 56, 'Iced Green Tea', 5, 9, 0, 0, '2022-12-10 23:03:54'),
(719, 57, 'Mango Seasonal Frappe', 6, 9, 0, 0, '2022-12-10 23:03:54'),
(720, 58, 'Black Tea Kiwi fresh fruit ', 7, 9, 0, 0, '2022-12-10 23:03:54'),
(721, 59, 'Black Tea Passion fresh fruit ', 7, 9, 0, 0, '2022-12-10 23:03:54'),
(722, 60, 'Black Tea Green Apple fresh fruit ', 7, 9, 0, 0, '2022-12-10 23:03:54'),
(723, 61, 'Black Tea Strawberry fresh fruit  ', 7, 9, 0, 0, '2022-12-10 23:03:54'),
(724, 62, 'Green Tea', 7, 9, 0, 0, '2022-12-10 23:03:54'),
(725, 63, 'Lemon Tea', 7, 10, 0, 0, '2022-12-10 23:03:54'),
(726, 64, 'Red Tea Latte', 7, 10, 0, 0, '2022-12-10 23:03:54'),
(727, 65, 'Milk Sweet Potato', 7, 10, 0, 0, '2022-12-10 23:03:54'),
(728, 66, 'Milk Green Tea', 7, 9, 0, 0, '2022-12-10 23:03:54'),
(729, 67, 'Milk Sweet Mango', 7, 8, 0, 0, '2022-12-10 23:03:54'),
(730, 68, 'Lime Juice Tea', 7, 9, 0, 0, '2022-12-10 23:03:54'),
(731, 69, 'Passion Juice Tea', 7, 8, 0, 0, '2022-12-10 23:03:54'),
(732, 70, 'Passion Soda', 7, 9, 0, 0, '2022-12-10 23:03:54'),
(733, 71, 'Blue Rain Cocktail', 7, 10, 0, 0, '2022-12-10 23:03:54'),
(734, 72, 'Yellow Rain Cocktail', 7, 10, 0, 0, '2022-12-10 23:03:54'),
(735, 73, 'COCA Rain Cocktail', 7, 2, 0, 0, '2022-12-10 23:03:54'),
(736, 74, 'គ្រឿងក្លែមខ្វិតសៀមរាប (S)', 1, 10, 0, 0, '2022-12-10 23:03:54'),
(737, 75, 'គ្រឿងក្លែមខ្វិតសៀមរាប (L)', 1, 10, 0, 0, '2022-12-10 23:03:54'),
(738, 76, 'បុកមាន់ (S) ', 1, 10, 0, 0, '2022-12-10 23:03:54'),
(739, 77, 'បុកមាន់ (L) ', 1, 10, 0, 0, '2022-12-10 23:03:54'),
(740, 78, 'ឡាបសាច់មាន់ (S)', 1, 10, 0, 0, '2022-12-10 23:03:54'),
(741, 79, 'ឡាបសាច់មាន់ (L)', 1, 10, 0, 0, '2022-12-10 23:03:54'),
(742, 80, 'មាន់ដុតកូកា ', 1, 10, 0, 0, '2022-12-10 23:03:54'),
(743, 81, 'មាន់រ៉ូទី ', 1, 10, 0, 0, '2022-12-10 23:03:54'),
(744, 82, 'មាន់ឆាក្ដៅ (S)', 1, 10, 0, 0, '2022-12-10 23:03:54'),
(745, 83, 'មាន់ឆាក្ដៅ (L)', 1, 10, 0, 0, '2022-12-10 23:03:54'),
(746, 84, 'ស្លាបមាន់បំពងរ៉ូទី (S) ', 1, 10, 0, 0, '2022-12-10 23:03:54'),
(747, 85, 'ស្លាបមាន់បំពងរ៉ូទី (L)', 1, 10, 0, 0, '2022-12-10 23:03:54'),
(748, 86, 'ស្លាបមាន់អាំង (S)', 1, 10, 0, 0, '2022-12-10 23:03:54'),
(749, 87, 'ស្លាបមាន់អាំង (L)', 1, 10, 0, 0, '2022-12-10 23:03:54'),
(750, 88, 'សរសៃកែងមាន់បំពងខ្ទឹម ស (S)', 1, 10, 0, 0, '2022-12-10 23:03:54'),
(751, 89, 'សរសៃកែងមាន់បំពងខ្ទឹម ស (L)', 1, 10, 0, 0, '2022-12-10 23:03:54'),
(752, 90, 'ភ្លាសាច់គោ (S)', 1, 10, 0, 0, '2022-12-10 23:03:54'),
(753, 91, 'ភ្លាសាច់គោ (L)', 1, 10, 0, 0, '2022-12-10 23:03:54'),
(754, 92, 'ឡាបសាច់គោ (S)', 1, 10, 0, 0, '2022-12-10 23:03:54'),
(755, 93, 'សាច់គោបំពងល្ង (S)', 1, 10, 0, 0, '2022-12-10 23:03:54'),
(756, 94, 'សាច់គោបំពងល្ង (L)', 1, 10, 0, 0, '2022-12-10 23:03:54'),
(757, 95, 'ងៀតគោ (S)', 1, 10, 0, 0, '2022-12-10 23:03:54'),
(758, 96, 'ងៀតគោ (L)', 1, 10, 0, 0, '2022-12-10 23:03:54'),
(759, 97, 'ខាត់ណាឆាសាច់គោ (S)', 1, 10, 0, 0, '2022-12-10 23:03:54'),
(760, 98, 'ខាត់ណាឆាសាច់គោ (L)', 1, 10, 0, 0, '2022-12-10 23:03:54'),
(761, 99, 'ងាវឆាអំពិលទុំ (S)', 1, 10, 0, 0, '2022-12-10 23:03:54'),
(762, 100, 'ងាវឆាអំពិលទុំ (L)', 1, 10, 0, 0, '2022-12-10 23:03:54'),
(763, 101, 'ឡុកឡាក់បែបអង់គ្លេស (S)', 1, 10, 0, 0, '2022-12-10 23:03:54'),
(764, 102, 'ឡុកឡាក់បែបអង់គ្លេស (L)', 1, 10, 0, 0, '2022-12-10 23:03:54'),
(765, 103, 'បុកសណ្ដែកកួរសាច់គោ (S)', 1, 10, 0, 0, '2022-12-10 23:03:54'),
(766, 104, 'បុកសណ្ដែកកួរសាច់គោ (L)', 1, 10, 0, 0, '2022-12-10 23:03:54'),
(767, 105, 'ប្រហិតសាច់គោអំបិលម្ទេស (S)', 1, 10, 0, 0, '2022-12-10 23:03:54'),
(768, 106, 'ប្រហិតសាច់គោអំបិលម្ទេស (L)', 1, 10, 0, 0, '2022-12-10 23:03:54'),
(769, 107, 'ឡាបសាច់ជ្រូក (S)', 1, 10, 0, 0, '2022-12-10 23:03:54'),
(770, 108, 'ឡាបសាច់ជ្រូក (L)', 1, 10, 0, 0, '2022-12-10 23:03:54'),
(771, 109, 'ឆ្អឹងជំនីជ្រូកបំពងខ្ទឹម ស (S)', 1, 10, 0, 0, '2022-12-10 23:03:54'),
(772, 110, 'ឆ្អឹងជំនីជ្រូកបំពងខ្ទឹម ស (L)', 1, 10, 0, 0, '2022-12-10 23:03:54'),
(773, 111, 'ឆ្អឹងជំនីជ្រូកអាំង (S)', 1, 10, 0, 0, '2022-12-10 23:03:54'),
(774, 112, 'ឆ្អឹងជំនីជ្រូកអាំង (L)', 1, 10, 0, 0, '2022-12-10 23:03:54'),
(775, 113, 'បុកហៃប៊ី សាច់ជ្រូកបីជាន់បំពងស្រួយ (S)', 1, 10, 0, 0, '2022-12-10 23:03:54'),
(776, 114, 'បុកហៃប៊ី សាច់ជ្រូកបីជាន់បំពងស្រួយ (L)', 1, 10, 0, 0, '2022-12-10 23:03:54'),
(777, 115, 'ភ្លាគ្រឿងសមុទ្រ (S)', 1, 10, 0, 0, '2022-12-10 23:03:54'),
(778, 116, 'ភ្លាគ្រឿងសមុទ្រ (L)', 1, 10, 0, 0, '2022-12-10 23:03:54'),
(779, 117, 'បង្គាលីងខ្ទឹម ស (S)', 1, 10, 0, 0, '2022-12-10 23:03:54'),
(780, 118, 'បង្គាលីងខ្ទឹម ស (L)', 1, 10, 0, 0, '2022-12-10 23:03:54'),
(781, 119, 'បង្គាទិកភ្នែក (S)', 1, 10, 0, 0, '2022-12-10 23:03:54'),
(782, 120, 'បង្គាទិកភ្នែក (L)', 1, 10, 0, 0, '2022-12-10 23:03:54'),
(783, 121, 'បង្គាអាំង (L)', 1, 10, 0, 0, '2022-12-10 23:03:54'),
(784, 122, 'មិកអាំង (S)', 1, 10, 0, 0, '2022-12-10 23:03:54'),
(785, 123, 'មិកអាំង (L)', 1, 10, 0, 0, '2022-12-10 23:03:54'),
(786, 124, 'យីហ៊ឺអាំង (S)', 1, 10, 0, 0, '2022-12-10 23:03:54'),
(787, 125, 'យីហ៊ឺអាំង (L)', 1, 10, 0, 0, '2022-12-10 23:03:54'),
(788, 126, 'ងាវឆាអំពិលទុំ (L)', 1, 10, 0, 0, '2022-12-10 23:03:54'),
(789, 127, 'ងាវអាំងម្ទេស (S)', 1, 10, 0, 0, '2022-12-10 23:03:54'),
(790, 128, 'ងាវអាំងម្ទេស (L)', 1, 10, 0, 0, '2022-12-10 23:03:54'),
(791, 129, 'បង្គាបុកចេកខ្ចី (S)', 1, 10, 0, 0, '2022-12-10 23:03:54'),
(792, 130, 'បង្គាបុកចេកខ្ចី (L)', 1, 10, 0, 0, '2022-12-10 23:03:54'),
(793, 131, 'អន្ទង់ឆាក្តៅ (S)', 1, 10, 0, 0, '2022-12-10 23:03:54'),
(794, 132, 'អន្ទង់ឆាក្តៅ (L)', 1, 10, 0, 0, '2022-12-10 23:03:54'),
(795, 133, 'កង្កែបឆាក្តៅ (S)', 1, 10, 0, 0, '2022-12-10 23:03:54'),
(796, 134, 'កង្កែបឆាក្តៅ (L)', 1, 10, 0, 0, '2022-12-10 23:03:54'),
(797, 135, 'ត្រីក្រហមអាំងម្ទេស (L)', 1, 10, 0, 0, '2022-12-10 23:03:54'),
(798, 136, 'ត្រីសាបាក់អាំងម្ទេស (L)', 1, 10, 0, 0, '2022-12-10 23:03:54'),
(799, 137, 'ត្រីក្រហមបំពងជូអែម (L)', 1, 10, 0, 0, '2022-12-10 23:03:54'),
(800, 138, 'ត្រីចំហុយទឹកស៊ីអីវ (L)', 1, 10, 0, 0, '2022-12-10 23:03:54'),
(801, 139, 'បុកសណ្ដែកកួរត្រីឆ្អើរ (S)', 1, 10, 0, 0, '2022-12-10 23:03:54');
INSERT INTO `tbl_inventory` (`id`, `idproduct`, `nameproduct`, `typeproduct`, `stock`, `stock_in`, `sold_out`, `created_at`) VALUES
(802, 140, 'បុកសណ្ដែកកួរត្រីឆ្អើរ (L)', 1, 10, 0, 0, '2022-12-10 23:03:54'),
(803, 141, 'ត្រីចំហ៊ុយក្រូចឆ្មា (L)', 1, 10, 0, 0, '2022-12-10 23:03:54'),
(804, 142, 'ខាត់ណាទឹកភ្នែក (S)', 1, 10, 0, 0, '2022-12-10 23:03:54'),
(805, 143, 'ខាត់ណាទឹកភ្នែក (L)', 1, 10, 0, 0, '2022-12-10 23:03:54'),
(806, 144, 'ពោតលីង (L)', 1, 10, 0, 0, '2022-12-10 23:03:54'),
(807, 145, 'បន្លែឆាពិសេស (S)', 1, 10, 0, 0, '2022-12-10 23:03:54'),
(808, 146, 'បន្លែឆាពិសេស (L)', 1, 10, 0, 0, '2022-12-10 23:03:54'),
(809, 147, 'ត្រកួនប្រេងខ្យង (S)', 1, 10, 0, 0, '2022-12-10 23:03:54'),
(810, 148, 'ត្រកួនប្រេងខ្យង (L)', 1, 10, 0, 0, '2022-12-10 23:03:54'),
(811, 149, 'បន្លែឆាតាមរដូវកាល (S)', 1, 10, 0, 0, '2022-12-10 23:03:54'),
(812, 150, 'បន្លែឆាតាមរដូវកាល (L)', 1, 10, 0, 0, '2022-12-10 23:03:54'),
(813, 151, 'ញាំត្រយ៉ុងចេកសាច់មាន់ (S)', 1, 10, 0, 0, '2022-12-10 23:03:54'),
(814, 152, 'ញាំត្រយ៉ុងចេកសាច់មាន់ (L)', 1, 10, 0, 0, '2022-12-10 23:03:54'),
(815, 153, 'ញាំត្រយ៉ុងចេកគ្រឿងសមុទ្រ (S)', 1, 10, 0, 0, '2022-12-10 23:03:54'),
(816, 154, 'ញាំត្រយ៉ុងចេកគ្រឿងសមុទ្រ (L)', 1, 10, 0, 0, '2022-12-10 23:03:54'),
(817, 155, 'បាយយ៉ាងចូវ (S)', 1, 10, 0, 0, '2022-12-10 23:03:54'),
(818, 156, 'បាយយ៉ាងចូវ (L)', 1, 10, 0, 0, '2022-12-10 23:03:54'),
(819, 157, 'បាយ 79 (S)', 1, 10, 0, 0, '2022-12-10 23:03:54'),
(820, 158, 'បាយ 79 (L)', 1, 10, 0, 0, '2022-12-10 23:03:54'),
(821, 159, 'បាយសាច់គោ (S)', 1, 10, 0, 0, '2022-12-10 23:03:54'),
(822, 160, 'បាយសាច់គោ (L)', 1, 10, 0, 0, '2022-12-10 23:03:54'),
(823, 161, 'សម្លតុងយ៉ាំង (S)', 1, 10, 0, 0, '2022-12-10 23:03:54'),
(824, 162, 'សម្លតុងយ៉ាំង (L)', 1, 10, 0, 0, '2022-12-10 23:03:54'),
(825, 163, 'បុកល្ហុងពិសេសនាដ (S)', 1, 10, 0, 0, '2022-12-10 23:03:54'),
(826, 164, 'បង្កាទឹកស៊ីអ៊ីវ (L)', 1, 10, 0, 0, '2022-12-10 23:03:54'),
(827, 165, 'ត្រីសាម៉ុន (L)', 1, 10, 0, 0, '2022-12-10 23:03:54'),
(828, 166, 'ថៃហ្គ័រ (Can)', 3, 10, 0, 0, '2022-12-10 23:03:54'),
(829, 167, 'ថៃហ្គ័រ (Bottle)', 3, 10, 0, 0, '2022-12-10 23:03:54'),
(830, 168, 'អាន់ឆ័រ (Can)', 3, 10, 0, 0, '2022-12-10 23:03:54'),
(831, 169, 'អាន់ឆ័រ (Bottle)', 3, 10, 0, 0, '2022-12-10 23:03:54'),
(832, 170, 'អង្គរ (Can)', 3, 10, 0, 0, '2022-12-10 23:03:54'),
(833, 171, 'អង្គរ (Bottle)', 3, 10, 0, 0, '2022-12-10 23:03:54'),
(834, 172, 'ហិននីហ្គិន (Can)', 3, 10, 0, 0, '2022-12-10 23:03:54'),
(835, 173, 'ហិននីហ្គិន (Bottle)', 3, 10, 0, 0, '2022-12-10 23:03:54'),
(836, 174, 'ហនុមាន (Can)', 3, 10, 0, 0, '2022-12-10 23:03:54'),
(837, 175, 'ហនុមាន (Bottle)', 3, 10, 0, 0, '2022-12-10 23:03:54'),
(838, 176, 'អាបេសេ (Can)', 3, 10, 0, 0, '2022-12-10 23:03:54'),
(839, 177, 'អាបេសេ (Bottle)', 3, 10, 0, 0, '2022-12-10 23:03:54'),
(840, 178, 'ហ្គែនស្បឺត (Can)', 3, 10, 0, 0, '2022-12-10 23:03:54'),
(841, 179, 'Green Tea Latte', 4, 10, 0, 0, '2022-12-10 23:03:54'),
(842, 180, 'Chocolate', 4, 10, 0, 0, '2022-12-10 23:03:54'),
(843, 181, 'Mocha', 4, 10, 0, 0, '2022-12-10 23:03:54'),
(844, 182, 'Lemon Tea', 4, 10, 0, 0, '2022-12-10 23:03:54'),
(845, 183, 'Iced Espresso', 5, 10, 0, 0, '2022-12-10 23:03:54'),
(846, 184, 'Iced Coffee With Milk', 5, 10, 0, 0, '2022-12-10 23:03:54'),
(847, 185, 'Iced Chocolate ', 5, 10, 0, 0, '2022-12-10 23:03:54'),
(848, 186, 'Iced Mocha', 5, 10, 0, 0, '2022-12-10 23:03:54'),
(849, 187, 'Iced Lemon Tea', 5, 10, 0, 0, '2022-12-10 23:03:54'),
(850, 188, 'Iced Vanilla', 5, 10, 0, 0, '2022-12-10 23:03:54'),
(851, 189, 'Coffee Frappe', 6, 9, 0, 0, '2022-12-10 23:03:54'),
(852, 190, 'Mocha Frappe', 6, 9, 0, 0, '2022-12-10 23:03:54'),
(853, 191, 'Chocolate Frappe', 6, 9, 0, 0, '2022-12-10 23:03:54'),
(854, 192, 'Strawberry Frappe', 6, 10, 0, 0, '2022-12-10 23:03:54'),
(855, 193, 'Kiwi Frappe', 6, 10, 0, 0, '2022-12-10 23:03:54'),
(856, 194, 'Black Tea Peach fresh fruit', 7, 10, 0, 0, '2022-12-10 23:03:54'),
(857, 201, 'ទឹកសុទ្ធ គូលេន (Bottle)', 2, 10, 0, 0, '2022-12-10 23:03:54'),
(858, 202, 'គោជល់ (Can)', 2, 10, 0, 0, '2022-12-10 23:03:54'),
(859, 204, 'អាយ​ ខូឡា (Can)', 2, 10, 0, 0, '2022-12-10 23:03:54'),
(860, 205, 'ខារ៉ាប៉ាវ (Can)', 2, 10, 0, 0, '2022-12-10 23:03:54'),
(861, 206, 'ទឹកសុទ្ធ វីតាល់ (Bottle)', 2, 10, 0, 0, '2022-12-10 23:03:54'),
(862, 207, 'អូអីុឈិ (Bottle)', 2, 10, 0, 0, '2022-12-10 23:03:54'),
(863, 208, 'ប៉ូការីស្វេត (Bottle)', 2, 10, 0, 0, '2022-12-10 23:03:54'),
(864, 209, 'សាម៉ារ៉ាយ (Can)', 2, 10, 0, 0, '2022-12-10 23:03:54'),
(865, 217, 'គ្រុឌ (Can)', 3, 10, 0, 0, '2022-12-10 23:03:54'),
(866, 218, 'គ្រុឌ (Bottle)', 3, 10, 0, 0, '2022-12-10 23:03:54'),
(867, 219, 'ខេមបូឌា (Can)', 3, 10, 0, 0, '2022-12-10 23:03:54'),
(868, 220, 'ខេមបូឌា (Bottle)', 3, 10, 0, 0, '2022-12-10 23:03:54'),
(869, 221, 'Red Wine (Bottle)', 3, 10, 0, 0, '2022-12-10 23:03:54'),
(870, 222, 'White Wine (Bottle)', 3, 10, 0, 0, '2022-12-10 23:03:54'),
(871, 223, 'Jack Daniel Whisky', 3, 10, 0, 0, '2022-12-10 23:03:54'),
(872, 225, 'Vodka (Bottle)', 3, 10, 0, 0, '2022-12-10 23:03:54'),
(873, 1, 'ស្តេកប្រចាំហាងខ្វិតសៀមរាប (L)', 1, 8, 0, 0, '2022-12-15 18:20:11'),
(874, 2, 'បាយឆាឡុកឡាក់ (S)', 1, 6, 0, 0, '2022-12-15 18:20:11'),
(875, 3, 'បាយឆាកាពិ (S)', 1, 5, 0, 0, '2022-12-15 18:20:11'),
(876, 4, 'បាយឆាបឋម (S)', 1, 5, 0, 0, '2022-12-15 18:20:11'),
(877, 5, 'បាយសាច់មាន់ (S)', 1, 5, 0, 0, '2022-12-15 18:20:11'),
(878, 6, 'បាយភ្លៅមាន់ (S)', 1, 9, 0, 0, '2022-12-15 18:20:11'),
(879, 7, 'បាយសាច់គោងៀត', 1, 10, 0, 0, '2022-12-15 18:20:11'),
(880, 8, 'សាច់មាន់បំពង', 1, 10, 0, 0, '2022-12-15 18:20:11'),
(881, 9, 'សរសៃកែងមាន់បំពងខ្ទឹមសរ (S)', 1, 10, 0, 0, '2022-12-15 18:20:11'),
(882, 10, 'មឹកអាំងពិសេស (S)', 1, 9, 0, 0, '2022-12-15 18:20:11'),
(883, 11, 'បុកសណ្តែកកួរសាច់ជ្រូកបំពងស្រួយ (S)', 1, 10, 0, 0, '2022-12-15 18:20:11'),
(884, 12, 'ត្រីក្រហមចំហ៊ុយក្រូចឆ្មា (S)', 1, 10, 0, 0, '2022-12-15 18:20:11'),
(885, 13, 'ត្រីក្រហមអាំងអំបិលម្ទេស (S)', 1, 10, 0, 0, '2022-12-15 18:20:11'),
(886, 14, 'ត្រីសាបាក់អាំងអំបិលម្ទេស (S)', 1, 10, 0, 0, '2022-12-15 18:20:11'),
(887, 15, 'គុយទាវពេលព្រឹក (S)', 1, 10, 0, 0, '2022-12-15 18:20:11'),
(888, 16, 'ពោតលីង (S)', 1, 10, 0, 0, '2022-12-15 18:20:11'),
(889, 17, 'ភ្លាសាច់គោនំបញ្ចុកក្រៀម (S)', 1, 10, 0, 0, '2022-12-15 18:20:11'),
(890, 18, 'ត្រីក្រហមបំពងជូរអែម (L)', 1, 10, 0, 0, '2022-12-15 18:20:11'),
(891, 19, 'ឡាបសាច់គោ (L)', 1, 10, 0, 0, '2022-12-15 18:20:11'),
(892, 20, 'ងាវឆាអំពិលទុំ (S)', 1, 10, 0, 0, '2022-12-15 18:20:11'),
(893, 21, 'ភ្លា NGO (S)', 1, 10, 0, 0, '2022-12-15 18:20:11'),
(894, 22, 'ប្រហិតគ្រប់មុខ (S)', 1, 10, 0, 0, '2022-12-15 18:20:11'),
(895, 23, 'ញាំស្វាយគ្រឿងសមុទ្រ (S)', 1, 10, 0, 0, '2022-12-15 18:20:11'),
(896, 24, 'បង្គាអាំង (S)', 1, 10, 0, 0, '2022-12-15 18:20:11'),
(897, 25, 'ឆាក្តៅសាច់មាន់ (S)', 1, 10, 0, 0, '2022-12-15 18:20:11'),
(898, 26, 'ងាវស្រស់ (S)', 1, 10, 0, 0, '2022-12-15 18:20:11'),
(899, 27, 'ត្រីសាម៉ុន (S)', 1, 10, 0, 0, '2022-12-15 18:20:11'),
(900, 28, 'បុកល្ហុងពិសេសនាដ (L)', 1, 10, 0, 0, '2022-12-15 18:20:11'),
(901, 29, 'អយស្ទ័រប៉ាស៊ីហ្វិក', 1, 10, 0, 0, '2022-12-15 18:20:11'),
(902, 30, 'អយស្ទ័រជប៉ុន', 1, 10, 0, 0, '2022-12-15 18:20:11'),
(903, 31, 'បង្គាទឹកភ្នែក', 1, 10, 0, 0, '2022-12-15 18:20:11'),
(904, 32, 'បង្កាទឹកស៊ីអ៊ីវ (S)', 1, 10, 0, 0, '2022-12-15 18:20:11'),
(905, 33, 'គ្រឿងសមុទ្រគ្រប់មុខ', 1, 10, 0, 0, '2022-12-15 18:20:11'),
(906, 34, 'ងាវត្រជាក់', 1, 10, 0, 0, '2022-12-15 18:20:11'),
(907, 35, 'ញុំបន្លែខ្ទឹមសបំពង', 1, 10, 0, 0, '2022-12-15 18:20:11'),
(908, 36, 'ត្រីសាបាក់ចំហុយក្រូចឆ្មា', 1, 10, 0, 0, '2022-12-15 18:20:11'),
(909, 37, 'បាយភ្លៅមាន់បំពង', 1, 10, 0, 0, '2022-12-15 18:20:11'),
(910, 38, 'ទឹកសុទ្ធ អង្គរពូរ៉ូ (Bottle)', 2, 9, 0, 0, '2022-12-15 18:20:11'),
(911, 39, 'កូកាកូឡា (Can)', 2, 10, 0, 0, '2022-12-15 18:20:11'),
(912, 40, 'ទឹកផ្លែឈើ (Can)', 2, 7, 0, 0, '2022-12-15 18:20:11'),
(913, 41, 'ប៉ិបស៊ី (Can)', 2, 8, 0, 0, '2022-12-15 18:20:11'),
(914, 42, 'ហ្វាន់តា (Can)', 2, 8, 0, 0, '2022-12-15 18:20:11'),
(915, 43, 'ស្តីង (Can)', 2, 10, 0, 0, '2022-12-15 18:20:11'),
(916, 44, 'ស្រ្ពាយ (Can)', 2, 16, 0, 0, '2022-12-15 18:20:11'),
(917, 50, 'Espresso ', 4, 9, 0, 0, '2022-12-15 18:20:11'),
(918, 51, 'Black Coffee', 4, 9, 0, 0, '2022-12-15 18:20:11'),
(919, 52, 'Cappuccino', 4, 9, 0, 0, '2022-12-15 18:20:11'),
(920, 53, 'Cafe Latte', 4, 9, 0, 0, '2022-12-15 18:20:11'),
(921, 54, 'Iced Cappuccino', 5, 1, 0, 0, '2022-12-15 18:20:11'),
(922, 55, 'Iced Latte', 5, 9, 0, 0, '2022-12-15 18:20:11'),
(923, 56, 'Iced Green Tea', 5, 9, 0, 0, '2022-12-15 18:20:11'),
(924, 57, 'Mango Seasonal Frappe', 6, 9, 0, 0, '2022-12-15 18:20:11'),
(925, 58, 'Black Tea Kiwi fresh fruit ', 7, 9, 0, 0, '2022-12-15 18:20:11'),
(926, 59, 'Black Tea Passion fresh fruit ', 7, 9, 0, 0, '2022-12-15 18:20:11'),
(927, 60, 'Black Tea Green Apple fresh fruit ', 7, 9, 0, 0, '2022-12-15 18:20:11'),
(928, 61, 'Black Tea Strawberry fresh fruit  ', 7, 9, 0, 0, '2022-12-15 18:20:11'),
(929, 62, 'Green Tea', 7, 9, 0, 0, '2022-12-15 18:20:11'),
(930, 63, 'Lemon Tea', 7, 10, 0, 0, '2022-12-15 18:20:11'),
(931, 64, 'Red Tea Latte', 7, 10, 0, 0, '2022-12-15 18:20:11'),
(932, 65, 'Milk Sweet Potato', 7, 10, 0, 0, '2022-12-15 18:20:11'),
(933, 66, 'Milk Green Tea', 7, 9, 0, 0, '2022-12-15 18:20:11'),
(934, 67, 'Milk Sweet Mango', 7, 8, 0, 0, '2022-12-15 18:20:11'),
(935, 68, 'Lime Juice Tea', 7, 9, 0, 0, '2022-12-15 18:20:11'),
(936, 69, 'Passion Juice Tea', 7, 8, 0, 0, '2022-12-15 18:20:11'),
(937, 70, 'Passion Soda', 7, 9, 0, 0, '2022-12-15 18:20:11'),
(938, 71, 'Blue Rain Cocktail', 7, 10, 0, 0, '2022-12-15 18:20:11'),
(939, 72, 'Yellow Rain Cocktail', 7, 10, 0, 0, '2022-12-15 18:20:11'),
(940, 73, 'COCA Rain Cocktail', 7, 2, 0, 0, '2022-12-15 18:20:11'),
(941, 74, 'គ្រឿងក្លែមខ្វិតសៀមរាប (S)', 1, 10, 0, 0, '2022-12-15 18:20:11'),
(942, 75, 'គ្រឿងក្លែមខ្វិតសៀមរាប (L)', 1, 10, 0, 0, '2022-12-15 18:20:11'),
(943, 76, 'បុកមាន់ (S) ', 1, 10, 0, 0, '2022-12-15 18:20:11'),
(944, 77, 'បុកមាន់ (L) ', 1, 10, 0, 0, '2022-12-15 18:20:11'),
(945, 78, 'ឡាបសាច់មាន់ (S)', 1, 10, 0, 0, '2022-12-15 18:20:11'),
(946, 79, 'ឡាបសាច់មាន់ (L)', 1, 10, 0, 0, '2022-12-15 18:20:11'),
(947, 80, 'មាន់ដុតកូកា ', 1, 10, 0, 0, '2022-12-15 18:20:11'),
(948, 81, 'មាន់រ៉ូទី ', 1, 10, 0, 0, '2022-12-15 18:20:11'),
(949, 82, 'មាន់ឆាក្ដៅ (S)', 1, 10, 0, 0, '2022-12-15 18:20:11'),
(950, 83, 'មាន់ឆាក្ដៅ (L)', 1, 10, 0, 0, '2022-12-15 18:20:11'),
(951, 84, 'ស្លាបមាន់បំពងរ៉ូទី (S) ', 1, 10, 0, 0, '2022-12-15 18:20:11'),
(952, 85, 'ស្លាបមាន់បំពងរ៉ូទី (L)', 1, 10, 0, 0, '2022-12-15 18:20:11'),
(953, 86, 'ស្លាបមាន់អាំង (S)', 1, 10, 0, 0, '2022-12-15 18:20:11'),
(954, 87, 'ស្លាបមាន់អាំង (L)', 1, 10, 0, 0, '2022-12-15 18:20:11'),
(955, 88, 'សរសៃកែងមាន់បំពងខ្ទឹម ស (S)', 1, 10, 0, 0, '2022-12-15 18:20:11'),
(956, 89, 'សរសៃកែងមាន់បំពងខ្ទឹម ស (L)', 1, 10, 0, 0, '2022-12-15 18:20:11'),
(957, 90, 'ភ្លាសាច់គោ (S)', 1, 10, 0, 0, '2022-12-15 18:20:11'),
(958, 91, 'ភ្លាសាច់គោ (L)', 1, 10, 0, 0, '2022-12-15 18:20:11'),
(959, 92, 'ឡាបសាច់គោ (S)', 1, 10, 0, 0, '2022-12-15 18:20:11'),
(960, 93, 'សាច់គោបំពងល្ង (S)', 1, 10, 0, 0, '2022-12-15 18:20:11'),
(961, 94, 'សាច់គោបំពងល្ង (L)', 1, 10, 0, 0, '2022-12-15 18:20:11'),
(962, 95, 'ងៀតគោ (S)', 1, 10, 0, 0, '2022-12-15 18:20:11'),
(963, 96, 'ងៀតគោ (L)', 1, 10, 0, 0, '2022-12-15 18:20:11'),
(964, 97, 'ខាត់ណាឆាសាច់គោ (S)', 1, 10, 0, 0, '2022-12-15 18:20:11'),
(965, 98, 'ខាត់ណាឆាសាច់គោ (L)', 1, 10, 0, 0, '2022-12-15 18:20:11'),
(966, 99, 'ងាវឆាអំពិលទុំ (S)', 1, 10, 0, 0, '2022-12-15 18:20:11'),
(967, 100, 'ងាវឆាអំពិលទុំ (L)', 1, 10, 0, 0, '2022-12-15 18:20:11'),
(968, 101, 'ឡុកឡាក់បែបអង់គ្លេស (S)', 1, 10, 0, 0, '2022-12-15 18:20:11'),
(969, 102, 'ឡុកឡាក់បែបអង់គ្លេស (L)', 1, 10, 0, 0, '2022-12-15 18:20:11'),
(970, 103, 'បុកសណ្ដែកកួរសាច់គោ (S)', 1, 10, 0, 0, '2022-12-15 18:20:11'),
(971, 104, 'បុកសណ្ដែកកួរសាច់គោ (L)', 1, 10, 0, 0, '2022-12-15 18:20:11'),
(972, 105, 'ប្រហិតសាច់គោអំបិលម្ទេស (S)', 1, 10, 0, 0, '2022-12-15 18:20:11'),
(973, 106, 'ប្រហិតសាច់គោអំបិលម្ទេស (L)', 1, 10, 0, 0, '2022-12-15 18:20:11'),
(974, 107, 'ឡាបសាច់ជ្រូក (S)', 1, 10, 0, 0, '2022-12-15 18:20:11'),
(975, 108, 'ឡាបសាច់ជ្រូក (L)', 1, 10, 0, 0, '2022-12-15 18:20:11'),
(976, 109, 'ឆ្អឹងជំនីជ្រូកបំពងខ្ទឹម ស (S)', 1, 10, 0, 0, '2022-12-15 18:20:11'),
(977, 110, 'ឆ្អឹងជំនីជ្រូកបំពងខ្ទឹម ស (L)', 1, 10, 0, 0, '2022-12-15 18:20:11'),
(978, 111, 'ឆ្អឹងជំនីជ្រូកអាំង (S)', 1, 10, 0, 0, '2022-12-15 18:20:11'),
(979, 112, 'ឆ្អឹងជំនីជ្រូកអាំង (L)', 1, 10, 0, 0, '2022-12-15 18:20:11'),
(980, 113, 'បុកហៃប៊ី សាច់ជ្រូកបីជាន់បំពងស្រួយ (S)', 1, 10, 0, 0, '2022-12-15 18:20:11'),
(981, 114, 'បុកហៃប៊ី សាច់ជ្រូកបីជាន់បំពងស្រួយ (L)', 1, 10, 0, 0, '2022-12-15 18:20:11'),
(982, 115, 'ភ្លាគ្រឿងសមុទ្រ (S)', 1, 10, 0, 0, '2022-12-15 18:20:11'),
(983, 116, 'ភ្លាគ្រឿងសមុទ្រ (L)', 1, 10, 0, 0, '2022-12-15 18:20:11'),
(984, 117, 'បង្គាលីងខ្ទឹម ស (S)', 1, 10, 0, 0, '2022-12-15 18:20:11'),
(985, 118, 'បង្គាលីងខ្ទឹម ស (L)', 1, 10, 0, 0, '2022-12-15 18:20:11'),
(986, 119, 'បង្គាទិកភ្នែក (S)', 1, 10, 0, 0, '2022-12-15 18:20:11'),
(987, 120, 'បង្គាទិកភ្នែក (L)', 1, 10, 0, 0, '2022-12-15 18:20:11'),
(988, 121, 'បង្គាអាំង (L)', 1, 10, 0, 0, '2022-12-15 18:20:11'),
(989, 122, 'មិកអាំង (S)', 1, 10, 0, 0, '2022-12-15 18:20:11'),
(990, 123, 'មិកអាំង (L)', 1, 10, 0, 0, '2022-12-15 18:20:11'),
(991, 124, 'យីហ៊ឺអាំង (S)', 1, 10, 0, 0, '2022-12-15 18:20:11'),
(992, 125, 'យីហ៊ឺអាំង (L)', 1, 10, 0, 0, '2022-12-15 18:20:11'),
(993, 126, 'ងាវឆាអំពិលទុំ (L)', 1, 10, 0, 0, '2022-12-15 18:20:11'),
(994, 127, 'ងាវអាំងម្ទេស (S)', 1, 10, 0, 0, '2022-12-15 18:20:11'),
(995, 128, 'ងាវអាំងម្ទេស (L)', 1, 10, 0, 0, '2022-12-15 18:20:11'),
(996, 129, 'បង្គាបុកចេកខ្ចី (S)', 1, 10, 0, 0, '2022-12-15 18:20:11'),
(997, 130, 'បង្គាបុកចេកខ្ចី (L)', 1, 10, 0, 0, '2022-12-15 18:20:11'),
(998, 131, 'អន្ទង់ឆាក្តៅ (S)', 1, 10, 0, 0, '2022-12-15 18:20:11'),
(999, 132, 'អន្ទង់ឆាក្តៅ (L)', 1, 10, 0, 0, '2022-12-15 18:20:11'),
(1000, 133, 'កង្កែបឆាក្តៅ (S)', 1, 10, 0, 0, '2022-12-15 18:20:11'),
(1001, 134, 'កង្កែបឆាក្តៅ (L)', 1, 10, 0, 0, '2022-12-15 18:20:11'),
(1002, 135, 'ត្រីក្រហមអាំងម្ទេស (L)', 1, 10, 0, 0, '2022-12-15 18:20:11'),
(1003, 136, 'ត្រីសាបាក់អាំងម្ទេស (L)', 1, 10, 0, 0, '2022-12-15 18:20:11'),
(1004, 137, 'ត្រីក្រហមបំពងជូអែម (L)', 1, 10, 0, 0, '2022-12-15 18:20:11'),
(1005, 138, 'ត្រីចំហុយទឹកស៊ីអីវ (L)', 1, 10, 0, 0, '2022-12-15 18:20:11'),
(1006, 139, 'បុកសណ្ដែកកួរត្រីឆ្អើរ (S)', 1, 10, 0, 0, '2022-12-15 18:20:11'),
(1007, 140, 'បុកសណ្ដែកកួរត្រីឆ្អើរ (L)', 1, 10, 0, 0, '2022-12-15 18:20:11'),
(1008, 141, 'ត្រីចំហ៊ុយក្រូចឆ្មា (L)', 1, 10, 0, 0, '2022-12-15 18:20:11'),
(1009, 142, 'ខាត់ណាទឹកភ្នែក (S)', 1, 10, 0, 0, '2022-12-15 18:20:11'),
(1010, 143, 'ខាត់ណាទឹកភ្នែក (L)', 1, 10, 0, 0, '2022-12-15 18:20:11'),
(1011, 144, 'ពោតលីង (L)', 1, 10, 0, 0, '2022-12-15 18:20:11'),
(1012, 145, 'បន្លែឆាពិសេស (S)', 1, 10, 0, 0, '2022-12-15 18:20:11'),
(1013, 146, 'បន្លែឆាពិសេស (L)', 1, 10, 0, 0, '2022-12-15 18:20:11'),
(1014, 147, 'ត្រកួនប្រេងខ្យង (S)', 1, 10, 0, 0, '2022-12-15 18:20:11'),
(1015, 148, 'ត្រកួនប្រេងខ្យង (L)', 1, 10, 0, 0, '2022-12-15 18:20:11'),
(1016, 149, 'បន្លែឆាតាមរដូវកាល (S)', 1, 10, 0, 0, '2022-12-15 18:20:11'),
(1017, 150, 'បន្លែឆាតាមរដូវកាល (L)', 1, 10, 0, 0, '2022-12-15 18:20:11'),
(1018, 151, 'ញាំត្រយ៉ុងចេកសាច់មាន់ (S)', 1, 10, 0, 0, '2022-12-15 18:20:11'),
(1019, 152, 'ញាំត្រយ៉ុងចេកសាច់មាន់ (L)', 1, 10, 0, 0, '2022-12-15 18:20:11'),
(1020, 153, 'ញាំត្រយ៉ុងចេកគ្រឿងសមុទ្រ (S)', 1, 10, 0, 0, '2022-12-15 18:20:11'),
(1021, 154, 'ញាំត្រយ៉ុងចេកគ្រឿងសមុទ្រ (L)', 1, 10, 0, 0, '2022-12-15 18:20:11'),
(1022, 155, 'បាយយ៉ាងចូវ (S)', 1, 10, 0, 0, '2022-12-15 18:20:11'),
(1023, 156, 'បាយយ៉ាងចូវ (L)', 1, 10, 0, 0, '2022-12-15 18:20:11'),
(1024, 157, 'បាយ 79 (S)', 1, 10, 0, 0, '2022-12-15 18:20:11'),
(1025, 158, 'បាយ 79 (L)', 1, 10, 0, 0, '2022-12-15 18:20:11'),
(1026, 159, 'បាយសាច់គោ (S)', 1, 10, 0, 0, '2022-12-15 18:20:11'),
(1027, 160, 'បាយសាច់គោ (L)', 1, 10, 0, 0, '2022-12-15 18:20:11'),
(1028, 161, 'សម្លតុងយ៉ាំង (S)', 1, 10, 0, 0, '2022-12-15 18:20:11'),
(1029, 162, 'សម្លតុងយ៉ាំង (L)', 1, 10, 0, 0, '2022-12-15 18:20:11'),
(1030, 163, 'បុកល្ហុងពិសេសនាដ (S)', 1, 10, 0, 0, '2022-12-15 18:20:11'),
(1031, 164, 'បង្កាទឹកស៊ីអ៊ីវ (L)', 1, 10, 0, 0, '2022-12-15 18:20:11'),
(1032, 165, 'ត្រីសាម៉ុន (L)', 1, 10, 0, 0, '2022-12-15 18:20:11'),
(1033, 166, 'ថៃហ្គ័រ (Can)', 3, 10, 0, 0, '2022-12-15 18:20:11'),
(1034, 167, 'ថៃហ្គ័រ (Bottle)', 3, 10, 0, 0, '2022-12-15 18:20:11'),
(1035, 168, 'អាន់ឆ័រ (Can)', 3, 10, 0, 0, '2022-12-15 18:20:11'),
(1036, 169, 'អាន់ឆ័រ (Bottle)', 3, 10, 0, 0, '2022-12-15 18:20:11'),
(1037, 170, 'អង្គរ (Can)', 3, 10, 0, 0, '2022-12-15 18:20:11'),
(1038, 171, 'អង្គរ (Bottle)', 3, 10, 0, 0, '2022-12-15 18:20:11'),
(1039, 172, 'ហិននីហ្គិន (Can)', 3, 10, 0, 0, '2022-12-15 18:20:11'),
(1040, 173, 'ហិននីហ្គិន (Bottle)', 3, 10, 0, 0, '2022-12-15 18:20:11'),
(1041, 174, 'ហនុមាន (Can)', 3, 10, 0, 0, '2022-12-15 18:20:11'),
(1042, 175, 'ហនុមាន (Bottle)', 3, 10, 0, 0, '2022-12-15 18:20:11'),
(1043, 176, 'អាបេសេ (Can)', 3, 10, 0, 0, '2022-12-15 18:20:11'),
(1044, 177, 'អាបេសេ (Bottle)', 3, 10, 0, 0, '2022-12-15 18:20:11'),
(1045, 178, 'ហ្គែនស្បឺត (Can)', 3, 10, 0, 0, '2022-12-15 18:20:11'),
(1046, 179, 'Green Tea Latte', 4, 10, 0, 0, '2022-12-15 18:20:11'),
(1047, 180, 'Chocolate', 4, 10, 0, 0, '2022-12-15 18:20:11'),
(1048, 181, 'Mocha', 4, 10, 0, 0, '2022-12-15 18:20:11'),
(1049, 182, 'Lemon Tea', 4, 10, 0, 0, '2022-12-15 18:20:11'),
(1050, 183, 'Iced Espresso', 5, 10, 0, 0, '2022-12-15 18:20:11'),
(1051, 184, 'Iced Coffee With Milk', 5, 10, 0, 0, '2022-12-15 18:20:11'),
(1052, 185, 'Iced Chocolate ', 5, 10, 0, 0, '2022-12-15 18:20:11'),
(1053, 186, 'Iced Mocha', 5, 10, 0, 0, '2022-12-15 18:20:11'),
(1054, 187, 'Iced Lemon Tea', 5, 10, 0, 0, '2022-12-15 18:20:11'),
(1055, 188, 'Iced Vanilla', 5, 10, 0, 0, '2022-12-15 18:20:11'),
(1056, 189, 'Coffee Frappe', 6, 9, 0, 0, '2022-12-15 18:20:11'),
(1057, 190, 'Mocha Frappe', 6, 9, 0, 0, '2022-12-15 18:20:11'),
(1058, 191, 'Chocolate Frappe', 6, 9, 0, 0, '2022-12-15 18:20:11'),
(1059, 192, 'Strawberry Frappe', 6, 10, 0, 0, '2022-12-15 18:20:11'),
(1060, 193, 'Kiwi Frappe', 6, 10, 0, 0, '2022-12-15 18:20:11'),
(1061, 194, 'Black Tea Peach fresh fruit', 7, 10, 0, 0, '2022-12-15 18:20:11'),
(1062, 201, 'ទឹកសុទ្ធ គូលេន (Bottle)', 2, 10, 0, 0, '2022-12-15 18:20:11'),
(1063, 202, 'គោជល់ (Can)', 2, 10, 0, 0, '2022-12-15 18:20:11'),
(1064, 204, 'អាយ​ ខូឡា (Can)', 2, 10, 0, 0, '2022-12-15 18:20:11'),
(1065, 205, 'ខារ៉ាប៉ាវ (Can)', 2, 10, 0, 0, '2022-12-15 18:20:11'),
(1066, 206, 'ទឹកសុទ្ធ វីតាល់ (Bottle)', 2, 10, 0, 0, '2022-12-15 18:20:11'),
(1067, 207, 'អូអីុឈិ (Bottle)', 2, 10, 0, 0, '2022-12-15 18:20:11'),
(1068, 208, 'ប៉ូការីស្វេត (Bottle)', 2, 10, 0, 0, '2022-12-15 18:20:11'),
(1069, 209, 'សាម៉ារ៉ាយ (Can)', 2, 10, 0, 0, '2022-12-15 18:20:11'),
(1070, 217, 'គ្រុឌ (Can)', 3, 10, 0, 0, '2022-12-15 18:20:11'),
(1071, 218, 'គ្រុឌ (Bottle)', 3, 10, 0, 0, '2022-12-15 18:20:11'),
(1072, 219, 'ខេមបូឌា (Can)', 3, 10, 0, 0, '2022-12-15 18:20:11'),
(1073, 220, 'ខេមបូឌា (Bottle)', 3, 10, 0, 0, '2022-12-15 18:20:11'),
(1074, 221, 'Red Wine (Bottle)', 3, 10, 0, 0, '2022-12-15 18:20:11'),
(1075, 222, 'White Wine (Bottle)', 3, 10, 0, 0, '2022-12-15 18:20:11'),
(1076, 223, 'Jack Daniel Whisky', 3, 10, 0, 0, '2022-12-15 18:20:11'),
(1077, 225, 'Vodka (Bottle)', 3, 10, 0, 0, '2022-12-15 18:20:11');

-- --------------------------------------------------------

--
-- Table structure for table `tbl_order`
--

CREATE TABLE `tbl_order` (
  `id` int(11) NOT NULL,
  `idproduct` int(11) DEFAULT NULL,
  `idtable` int(11) DEFAULT NULL,
  `idadmin` int(11) NOT NULL,
  `quanlity` int(11) DEFAULT NULL,
  `created_at` datetime DEFAULT NULL
) ENGINE=InnoDB DEFAULT CHARSET=utf8mb4;

-- --------------------------------------------------------

--
-- Table structure for table `tbl_payment`
--

CREATE TABLE `tbl_payment` (
  `id` int(11) NOT NULL,
  `content` longtext CHARACTER SET utf8mb4 DEFAULT NULL,
  `invoice` longtext CHARACTER SET utf8mb4 DEFAULT NULL,
  `account_name` varchar(50) CHARACTER SET utf8mb4 DEFAULT NULL,
  `guest_num` int(11) DEFAULT NULL,
  `opened_at` datetime DEFAULT NULL,
  `closed_at` datetime DEFAULT NULL
) ENGINE=InnoDB DEFAULT CHARSET=utf8;

--
-- Dumping data for table `tbl_payment`
--

INSERT INTO `tbl_payment` (`id`, `content`, `invoice`, `account_name`, `guest_num`, `opened_at`, `closed_at`) VALUES
(1158, '\n						<thead>\n							<tr>\n								<th scope=\"col\" style=\"width:11%;\">Table #<span id=\"table-text2\">1</span></th>\n								<th scope=\"col\" style=\"width:35%;\">Name</th>\n								<th scope=\"col\">Qty</th>\n								<th scope=\"col\">Price</th>\n								<th scope=\"col\">Dis</th>\n								<th scope=\"col\">Amount</th>\n							</tr>\n						</thead>\n						<tbody>\n\n							<tr>\n								<td scope=\"row\">1- </td>\n\n								<td class=\"khmer\"> ស្តេកប្រចាំហាងខ្វិតសៀមរាប (L)</td>\n								<td class=\"khmer\">1</td>\n								<td class=\"khmer\"><i class=\"fas fa-dollar-sign\" style=\"font-weight:normal;font-size:95%\" aria-hidden=\"true\"></i>6.00</td>\n								<td class=\"khmer\">%10</td>\n								<td>\n									\n									<span class=\"khmer\" style=\"display:none\">\n										<i class=\"fas fa-dollar-sign\" style=\"font-weight:normal;font-size:95%\" aria-hidden=\"true\">\n										</i>6.00\n									\n									</span>\n									<span class=\"khmer\" style=\"display:block;color:#dc3545;\">	\n\n										<del><i class=\"fas fa-dollar-sign\" style=\"font-weight:normal;font-size:95%\" aria-hidden=\"true\">\n											</i>6.00\n										</del>\n										&nbsp;\n										\n										<i class=\"fas fa-dollar-sign\" style=\"font-weight:normal;font-size:95%\" aria-hidden=\"true\">\n										</i>5.40\n\n									</span>\n\n								</td>\n\n							</tr><tr>\n								<td scope=\"row\">2- </td>\n\n								<td class=\"khmer\"> ទឹកសុទ្ធ អង្គរពូរ៉ូ (Bottle)</td>\n								<td class=\"khmer\">1</td>\n								<td class=\"khmer\"><i class=\"fas fa-dollar-sign\" style=\"font-weight:normal;font-size:95%\" aria-hidden=\"true\"></i>0.38</td>\n								<td class=\"khmer\">%0</td>\n								<td>\n									\n									<span class=\"khmer\" style=\"display:block\">\n										<i class=\"fas fa-dollar-sign\" style=\"font-weight:normal;font-size:95%\" aria-hidden=\"true\">\n										</i>0.38\n									\n									</span>\n									<span class=\"khmer\" style=\"display:none;color:#dc3545;\">	\n\n										<del><i class=\"fas fa-dollar-sign\" style=\"font-weight:normal;font-size:95%\" aria-hidden=\"true\">\n											</i>0.38\n										</del>\n										&nbsp;\n										\n										<i class=\"fas fa-dollar-sign\" style=\"font-weight:normal;font-size:95%\" aria-hidden=\"true\">\n										</i>0.38\n\n									</span>\n\n								</td>\n\n							</tr><tr>\n								<td scope=\"row\">3- </td>\n\n								<td class=\"khmer\"> កូកាកូឡា (Can)</td>\n								<td class=\"khmer\">1</td>\n								<td class=\"khmer\"><i class=\"fas fa-dollar-sign\" style=\"font-weight:normal;font-size:95%\" aria-hidden=\"true\"></i>0.63</td>\n								<td class=\"khmer\">%0</td>\n								<td>\n									\n									<span class=\"khmer\" style=\"display:block\">\n										<i class=\"fas fa-dollar-sign\" style=\"font-weight:normal;font-size:95%\" aria-hidden=\"true\">\n										</i>0.63\n									\n									</span>\n									<span class=\"khmer\" style=\"display:none;color:#dc3545;\">	\n\n										<del><i class=\"fas fa-dollar-sign\" style=\"font-weight:normal;font-size:95%\" aria-hidden=\"true\">\n											</i>0.63\n										</del>\n										&nbsp;\n										\n										<i class=\"fas fa-dollar-sign\" style=\"font-weight:normal;font-size:95%\" aria-hidden=\"true\">\n										</i>0.63\n\n									</span>\n\n								</td>\n\n							</tr><tr>\n								<td scope=\"row\">4- </td>\n\n								<td class=\"khmer\"> មឹកអាំងពិសេស (S)</td>\n								<td class=\"khmer\">1</td>\n								<td class=\"khmer\"><i class=\"fas fa-dollar-sign\" style=\"font-weight:normal;font-size:95%\" aria-hidden=\"true\"></i>3.00</td>\n								<td class=\"khmer\">%0</td>\n								<td>\n									\n									<span class=\"khmer\" style=\"display:block\">\n										<i class=\"fas fa-dollar-sign\" style=\"font-weight:normal;font-size:95%\" aria-hidden=\"true\">\n										</i>3.00\n									\n									</span>\n									<span class=\"khmer\" style=\"display:none;color:#dc3545;\">	\n\n										<del><i class=\"fas fa-dollar-sign\" style=\"font-weight:normal;font-size:95%\" aria-hidden=\"true\">\n											</i>3.00\n										</del>\n										&nbsp;\n										\n										<i class=\"fas fa-dollar-sign\" style=\"font-weight:normal;font-size:95%\" aria-hidden=\"true\">\n										</i>3.00\n\n									</span>\n\n								</td>\n\n							</tr>\n						</tbody>\n						<thead>\n							<tr>\n\n								<th scope=\"col\"></th>\n								<th scope=\"col\"></th>\n								<th scope=\"col\">Service Charge</th>\n								<th scope=\"col\">Discount</th>\n								<th scope=\"col\">VAT</th>\n								<th scope=\"col\">Total Amount</th>\n\n							</tr>\n						</thead>\n						<tbody style=\"font-size:115%;\">\n							<tr>\n								<td class=\"khmer\" scope=\"col\">\n									\n								</td><td class=\"khmer\" scope=\"col\">\n									\n								</td><td class=\"khmer\" id=\"ser\">%0</td>\n								<td class=\"khmer\" id=\"discount\">%0</td>\n								<td class=\"khmer\" id=\"vat\">%0</td>\n								<td class=\"khmer\">\n									<i class=\"fas fa-dollar-sign font-weight-normal\" aria-hidden=\"true\">\n									</i><span class=\"khmer\" id=\"totald\">9.41</span> |\n									R<span class=\"khmer\" id=\"totalr\">37,640</span></td>\n\n							</tr>\n						</tbody>\n					', '\n			<div class=\"text-center\" style=\"border-bottom:2px solid #EEE;\">\n				<p class=\"mb-0 mt-1 khmertext\">ផ្លូវ១០មករា សង្កាត់សាលាកំរើក<br>ក្រុងសៀមរាប​ ខេត្តសៀមរាប</p>\n				<p class=\"mb-0 khmertext\">Tel: +855 95 567 899 / 086 668 818</p>\n				<p class=\"mb-0 khmertext\">Table #<span id=\"table-text\">1</span> </p>\n			</div>\n			\n			<div>\n				<div style=\"border-bottom:2px solid #EEE;\">\n					<table class=\"table-invoice\">\n\n						<tbody><tr style=\"background:#EEE;border-bottom:5px solid white;\">\n							<td style=\"width:30mm;padding: 5px 0 5px 5px;\">\n								<p class=\"tabletitle\">Name</p>\n							</td>\n							<td style=\"width: 15mm;\">\n								<p class=\"tabletitle ml-2\">Qty</p>\n							</td>\n							<td style=\"width: 15mm;\">\n								<p class=\"tabletitle\">Price</p>\n							</td>\n							<td style=\"width: 15mm;\">\n								<p class=\"tabletitle ml-4\">Amt</p>\n							</td>\n						</tr>\n						\n						<tr>\n							<td>\n								<p class=\"itemtext\">1-&nbsp;ស្តេកប្រចាំហាងខ្វិតសៀមរាប (L)</p>\n							</td>\n							<td>\n								<p class=\"itemtext ml-2\">1</p>\n							</td>\n							<td>\n								<p class=\"itemtext\"><i class=\"fa-regular fa-dollar-sign\" font-size:11px\"=\"\"></i>6.00</p>\n							</td>\n							<td>\n								<p class=\"itemtext float-right mr-1\"><i class=\"fa-regular fa-dollar-sign\" style=\"font-size:11px\"></i>5.40</p>\n							</td>\n						</tr>\n						\n						<tr>\n							<td>\n								<p class=\"itemtext\">2-&nbsp;ទឹកសុទ្ធ អង្គរពូរ៉ូ (Bottle)</p>\n							</td>\n							<td>\n								<p class=\"itemtext ml-2\">1</p>\n							</td>\n							<td>\n								<p class=\"itemtext\"><i class=\"fa-regular fa-dollar-sign\" font-size:11px\"=\"\"></i>0.38</p>\n							</td>\n							<td>\n								<p class=\"itemtext float-right mr-1\"><i class=\"fa-regular fa-dollar-sign\" style=\"font-size:11px\"></i>0.38</p>\n							</td>\n						</tr>\n						\n						<tr>\n							<td>\n								<p class=\"itemtext\">3-&nbsp;កូកាកូឡា (Can)</p>\n							</td>\n							<td>\n								<p class=\"itemtext ml-2\">1</p>\n							</td>\n							<td>\n								<p class=\"itemtext\"><i class=\"fa-regular fa-dollar-sign\" font-size:11px\"=\"\"></i>0.63</p>\n							</td>\n							<td>\n								<p class=\"itemtext float-right mr-1\"><i class=\"fa-regular fa-dollar-sign\" style=\"font-size:11px\"></i>0.63</p>\n							</td>\n						</tr>\n						\n						<tr>\n							<td>\n								<p class=\"itemtext\">4-&nbsp;មឹកអាំងពិសេស (S)</p>\n							</td>\n							<td>\n								<p class=\"itemtext ml-2\">1</p>\n							</td>\n							<td>\n								<p class=\"itemtext\"><i class=\"fa-regular fa-dollar-sign\" font-size:11px\"=\"\"></i>3.00</p>\n							</td>\n							<td>\n								<p class=\"itemtext float-right mr-1\"><i class=\"fa-regular fa-dollar-sign\" style=\"font-size:11px\"></i>3.00</p>\n							</td>\n						</tr>\n						\n					</tbody></table>\n				</div>\n				<div class=\"p-1\">\n					<p class=\"float-left mb-0 contenttext\">VAT</p>\n					<p id=\"vat-bill\" class=\"float-right mb-0 contenttext\">%0</p>\n					<div style=\"clear: both;\"></div>\n\n					<p class=\"float-left mb-0 contenttext\">Discount</p>\n					<p id=\"discount-bill\" class=\"float-right mb-0 contenttext\">%0</p>\n					<div style=\"clear: both;\"></div>\n\n					<p class=\"float-left mb-0 contenttext\">Service Charge</p>\n					<p id=\"ser-bill\" class=\"float-right mb-0 contenttext\">%0</p>\n					<div style=\"clear: both;\"></div>\n\n				</div>\n\n				<div style=\"background:#EEE;\">\n\n					<div class=\"p-1 py-3\">\n						<p class=\"float-left mb-0 font-weight-bold subtext\">Grand Total (<i class=\"fas fa-dollar-sign\" aria-hidden=\"true\"></i>)</p>\n						<p id=\"totald-bill\" class=\"float-right mb-0 font-weight-bold subtext\">9.41</p>\n						<div style=\"clear: both;\"></div>\n\n						<p class=\"float-left mb-0 font-weight-bold subtext\">Grand Total (R)</p>\n						<p id=\"totalr-bill\" class=\"float-right mb-0 font-weight-bold subtext\">37,640</p>\n						<div style=\"clear: both;\"></div>\n					</div>\n				</div>\n				<!--End Table-->\n			</div>\n		', 'Ouk Pheaktra ', 0, '0000-00-00 00:00:00', '2022-11-23 23:08:38');

-- --------------------------------------------------------

--
-- Table structure for table `tbl_product`
--

CREATE TABLE `tbl_product` (
  `id` int(11) NOT NULL,
  `name` varchar(255) DEFAULT NULL,
  `price` float DEFAULT NULL,
  `image` varchar(255) DEFAULT NULL,
  `discount` float NOT NULL,
  `type` int(11) DEFAULT 1,
  `cost` float NOT NULL,
  `stock` int(11) NOT NULL,
  `view` int(11) NOT NULL,
  `created_at` datetime DEFAULT current_timestamp()
) ENGINE=InnoDB DEFAULT CHARSET=utf8mb4;

--
-- Dumping data for table `tbl_product`
--

INSERT INTO `tbl_product` (`id`, `name`, `price`, `image`, `discount`, `type`, `cost`, `stock`, `view`, `created_at`) VALUES
(1, 'ស្តេកប្រចាំហាងខ្វិតសៀមរាប (L)', 6, 'ស្តេកប្រចាំហាងខ្វិតសៀមរាប.jpg', 10, 1, 5.5, 8, 1, '2022-10-06 01:45:24'),
(2, 'បាយឆាឡុកឡាក់ (S)', 3, 'បាយឆាឡុកឡាក់.jpg', 10, 1, 2.5, 6, 0, '2022-10-06 01:45:24'),
(3, 'បាយឆាកាពិ (S)', 3, 'បាយឆាកាពិ.jpg', 0, 1, 2.5, 5, 0, '2022-10-06 01:45:24'),
(4, 'បាយឆាបឋម (S)', 3, 'បាយឆាបឋម.jpg', 0, 1, 2.5, 5, 0, '2022-10-06 01:45:24'),
(5, 'បាយសាច់មាន់ (S)', 3, 'បាយសាច់មាន់.jpg', 0, 1, 2.5, 5, 0, '2022-10-06 01:45:24'),
(6, 'បាយភ្លៅមាន់ (S)', 3, 'បាយភ្លៅមាន់.jpg', 0, 1, 2.5, 9, 0, '2022-10-06 01:45:24'),
(7, 'បាយសាច់គោងៀត', 3, 'បាយសាច់គោងៀត.png', 0, 1, 2.5, 10, 0, '2022-10-06 01:45:24'),
(8, 'សាច់មាន់បំពង', 3, 'សាច់មាន់បំពង.jpg', 0, 1, 2.5, 10, 0, '2022-10-06 01:45:24'),
(9, 'សរសៃកែងមាន់បំពងខ្ទឹមសរ (S)', 3, 'សរសៃកែងមាន់បំពងខ្ទឹមសរ.jpg', 10, 1, 2.5, 10, 0, '2022-10-06 01:45:24'),
(10, 'មឹកអាំងពិសេស (S)', 3, 'មឹកអាំងពិសេស.jpg', 0, 1, 2.5, 9, 1, '2022-10-06 01:45:24'),
(11, 'បុកសណ្តែកកួរសាច់ជ្រូកបំពងស្រួយ (S)', 3, 'បុកសណ្តែកកួរសាច់ជ្រូកបំពងស្រួយ.jpg', 0, 1, 2.5, 10, 0, '2022-10-06 01:45:24'),
(12, 'ត្រីក្រហមចំហ៊ុយក្រូចឆ្មា (S)', 3, 'ត្រីក្រហមចំហ៊ុយក្រូចឆ្មា.jpg', 0, 1, 2.5, 10, 0, '2022-10-06 01:45:24'),
(13, 'ត្រីក្រហមអាំងអំបិលម្ទេស (S)', 3, 'ត្រីក្រហមអាំងអំបិលម្ទេស.jpg', 0, 1, 2.5, 10, 0, '2022-10-06 01:45:24'),
(14, 'ត្រីសាបាក់អាំងអំបិលម្ទេស (S)', 3, 'ត្រីសាបាក់អាំងអំបិលម្ទេស.jpg', 0, 1, 2.5, 10, 0, '2022-10-06 01:45:24'),
(15, 'គុយទាវពេលព្រឹក (S)', 3, 'គុយទាវពេលព្រឹក.jpg', 10, 1, 2.5, 10, 0, '2022-10-06 01:45:24'),
(16, 'ពោតលីង (S)', 3, 'ពោតលីង.jpg', 0, 1, 2.5, 10, 0, '2022-10-06 01:45:24'),
(17, 'ភ្លាសាច់គោនំបញ្ចុកក្រៀម (S)', 3, 'ភ្លាសាច់គោនំបញ្ចុកក្រៀម.jpg', 0, 1, 2.5, 10, 0, '2022-10-06 01:45:24'),
(18, 'ត្រីក្រហមបំពងជូរអែម (L)', 3, 'ត្រីក្រហមបំពងជូរអែម.jpg', 0, 1, 2.5, 10, 0, '2022-10-06 01:45:24'),
(19, 'ឡាបសាច់គោ (L)', 5, 'ឡាបសាច់គោ.jpg', 0, 1, 4.5, 10, 0, '2022-10-06 01:45:24'),
(20, 'ងាវឆាអំពិលទុំ (S)', 3, 'ងាវឆាអំពិលទុំ.jpg', 0, 1, 2.5, 10, 0, '2022-10-06 01:45:24'),
(21, 'ភ្លា NGO (S)', 3, 'ភ្លាNGO.jpg', 0, 1, 2.5, 10, 0, '2022-10-06 01:45:24'),
(22, 'ប្រហិតគ្រប់មុខ (S)', 3, 'ប្រហិតគ្រប់មុខ.jpg', 0, 1, 2.5, 10, 0, '2022-10-06 01:45:24'),
(23, 'ញាំស្វាយគ្រឿងសមុទ្រ (S)', 3, 'ញាំស្វាយគ្រឿងសមុទ្រ.jpg', 0, 1, 2.5, 10, 0, '2022-10-06 01:45:24'),
(24, 'បង្គាអាំង (S)', 3.5, 'បង្គាអាំង.jpg', 0, 1, 3, 10, 0, '2022-10-06 01:45:24'),
(25, 'ឆាក្តៅសាច់មាន់ (S)', 3, 'ឆាក្តៅសាច់មាន់.jpg', 0, 1, 2.5, 10, 0, '2022-10-06 01:45:24'),
(26, 'ងាវស្រស់ (S)', 3, 'ងាវស្រស់.jpg', 0, 1, 2.5, 10, 0, '2022-10-06 01:45:24'),
(27, 'ត្រីសាម៉ុន (S)', 7, 'ត្រីសាម៉ុន.jpg', 0, 1, 6, 10, 0, '2022-10-06 01:45:24'),
(28, 'បុកល្ហុងពិសេសនាដ (L)', 10, 'បុកល្ហុងពិសេស នាដ.jpg', 0, 1, 9, 10, 0, '2022-10-06 01:45:24'),
(29, 'អយស្ទ័រប៉ាស៊ីហ្វិក', 12.5, 'អយស្ទ័រប៉ាស៊ីហ្វិក.jpg', 0, 1, 12, 10, 0, '2022-10-06 01:45:24'),
(30, 'អយស្ទ័រជប៉ុន', 8, 'អយស្ទ័រជប៉ុន.jpg', 0, 1, 7, 10, 0, '2022-10-06 01:45:24'),
(31, 'បង្គាទឹកភ្នែក', 3, 'បង្គាទឹកភ្នែក.jpg', 0, 1, 2, 10, 0, '2022-10-06 01:45:24'),
(32, 'បង្កាទឹកស៊ីអ៊ីវ (S)', 3, 'បង្កាទឹកស៊ីអ៊ីវ.jpg', 0, 1, 2, 10, 0, '2022-10-06 01:45:24'),
(33, 'គ្រឿងសមុទ្រគ្រប់មុខ', 7, 'គ្រឿងសមុទ្រគ្រប់មុខ.jpg', 0, 1, 6, 10, 0, '2022-10-06 01:45:24'),
(34, 'ងាវត្រជាក់', 7, 'ងាវត្រជាក់.jpg', 0, 1, 6, 10, 0, '2022-10-06 01:45:24'),
(35, 'ញុំបន្លែខ្ទឹមសបំពង', 5, 'ញុំបន្លែខ្ទឹមសបំពង.jpg', 0, 1, 4.5, 10, 0, '2022-10-06 01:45:24'),
(36, 'ត្រីសាបាក់ចំហុយក្រូចឆ្មា', 7, 'ត្រីសាបាក់ចំហុយក្រូចឆ្មា.jpg', 0, 1, 5.5, 10, 0, '2022-10-06 01:45:24'),
(37, 'បាយភ្លៅមាន់បំពង', 3, 'បាយភ្លៅមាន់បំពង .jpg', 0, 1, 2.5, 10, 0, '2022-10-06 01:45:24'),
(38, 'ទឹកសុទ្ធ អង្គរពូរ៉ូ (Bottle)', 0.38, 'water.png', 0, 2, 0.25, 9, 1, '2022-10-06 01:45:24'),
(39, 'កូកាកូឡា (Can)', 0.63, 'coke.png', 0, 2, 0.5, 10, 1, '2022-10-06 01:45:24'),
(40, 'ទឹកផ្លែឈើ (Can)', 0.63, 'juice.jpg', 0, 2, 0.5, 7, 0, '2022-10-06 01:45:24'),
(41, 'ប៉ិបស៊ី (Can)', 0.63, 'pepsi.png', 0, 2, 0.5, 8, 0, '2022-10-06 01:45:24'),
(42, 'ហ្វាន់តា (Can)', 0.63, 'fanta.png', 0, 2, 0.5, 8, 0, '2022-10-06 01:45:24'),
(43, 'ស្តីង (Can)', 0.63, 'sting.png', 0, 2, 0.5, 10, 0, '2022-10-06 01:45:24'),
(44, 'ស្រ្ពាយ (Can)', 0.63, 'sprite.png', 0, 2, 0.5, 16, 0, '2022-10-06 01:45:24'),
(50, 'Espresso ', 1.25, 'espresso.jpg', 0, 4, 1, 9, 0, '2022-10-06 01:45:24'),
(51, 'Black Coffee', 1.25, 'blackcafe.png', 0, 4, 1, 9, 0, '2022-10-06 01:45:24'),
(52, 'Cappuccino', 1.25, 'cappuccino.png', 0, 4, 1, 9, 0, '2022-10-06 01:45:24'),
(53, 'Cafe Latte', 1.25, 'cafelatte.png', 0, 4, 1, 9, 0, '2022-10-06 01:45:24'),
(54, 'Iced Cappuccino', 1.5, 'IcedCappuccino.jpg', 0, 5, 1.25, 1, 0, '2022-10-06 01:45:24'),
(55, 'Iced Latte', 1.5, 'IcedLatte.jpg', 0, 5, 1.25, 9, 0, '2022-10-06 01:45:24'),
(56, 'Iced Green Tea', 1.5, 'IcedGreenTea.png', 0, 5, 1.25, 9, 0, '2022-10-06 01:45:24'),
(57, 'Mango Seasonal Frappe', 1.75, 'MangoSeasonalFrapped.jpg', 0, 6, 1.5, 9, 0, '2022-10-06 01:45:24'),
(58, 'Black Tea Kiwi fresh fruit ', 2, 'KiwiSignature.jpg', 0, 7, 1.75, 9, 0, '2022-10-06 01:45:24'),
(59, 'Black Tea Passion fresh fruit ', 2, 'PassionSignature.JPG', 0, 7, 1.75, 9, 0, '2022-10-06 01:45:24'),
(60, 'Black Tea Green Apple fresh fruit ', 2, 'GreenAppleSignature.jpg', 0, 7, 1.75, 9, 0, '2022-10-06 01:45:24'),
(61, 'Black Tea Strawberry fresh fruit  ', 2, 'StrawberrySignature.JPG', 0, 7, 1.75, 9, 0, '2022-10-06 01:45:24'),
(62, 'Green Tea', 2, 'Greentea.jpg', 0, 7, 1.75, 9, 0, '2022-10-06 01:45:24'),
(63, 'Lemon Tea', 2, 'Lemontea.jpg', 0, 7, 1.75, 10, 0, '2022-10-06 01:45:24'),
(64, 'Red Tea Latte', 2, 'Red Tea Latte.jpg', 0, 7, 1.5, 10, 0, '2022-10-06 01:45:24'),
(65, 'Milk Sweet Potato', 2, 'Milk Sweet Potato.jpg', 0, 7, 1.5, 10, 0, '2022-10-06 01:45:24'),
(66, 'Milk Green Tea', 2, 'Milk Green Tea.jpg', 0, 7, 1.5, 9, 0, '2022-10-06 01:45:24'),
(67, 'Milk Sweet Mango', 2, 'Milk Sweet Mango.jpg', 0, 7, 1.5, 8, 0, '2022-10-06 01:45:24'),
(68, 'Lime Juice Tea', 1.5, 'Lime Juice Tea.jpg', 0, 7, 1, 9, 0, '2022-10-06 01:45:24'),
(69, 'Passion Juice Tea', 1.5, 'Passion Juice Tea.jpg', 0, 7, 1, 8, 0, '2022-10-06 01:45:24'),
(70, 'Passion Soda', 1.5, 'Passion Soda.jpg', 0, 7, 1, 9, 0, '2022-10-06 01:45:24'),
(71, 'Blue Rain Cocktail', 3, 'Blue Rain cocktail.jpg', 0, 7, 2.5, 10, 0, '2022-10-06 01:45:24'),
(72, 'Yellow Rain Cocktail', 3, 'Yellow Rain cocktail.jpg', 0, 7, 2.5, 10, 0, '2022-10-06 01:45:24'),
(73, 'COCA Rain Cocktail', 3, 'Purple Rain cocktail.jpg', 0, 7, 2.5, 2, 0, '2022-10-06 01:45:24'),
(74, 'គ្រឿងក្លែមខ្វិតសៀមរាប (S)', 3.5, 'nofood.png', 0, 1, 3, 10, 0, '2022-10-06 01:45:24'),
(75, 'គ្រឿងក្លែមខ្វិតសៀមរាប (L)', 5, 'nofood.png', 0, 1, 4.5, 10, 0, '2022-10-06 01:45:24'),
(76, 'បុកមាន់ (S) ', 3, 'nofood.png', 0, 1, 2.5, 10, 0, '2022-10-06 01:45:24'),
(77, 'បុកមាន់ (L) ', 5, 'nofood.png', 0, 1, 4.5, 10, 0, '2022-10-06 01:45:24'),
(78, 'ឡាបសាច់មាន់ (S)', 3, 'nofood.png', 0, 1, 2.5, 10, 0, '2022-10-06 01:45:24'),
(79, 'ឡាបសាច់មាន់ (L)', 5, 'nofood.png', 0, 1, 4.5, 10, 0, '2022-10-06 01:45:24'),
(80, 'មាន់ដុតកូកា ', 10, 'nofood.png', 0, 1, 9.5, 10, 0, '2022-10-06 01:45:24'),
(81, 'មាន់រ៉ូទី ', 10, 'nofood.png', 0, 1, 9.5, 10, 0, '2022-10-06 01:45:24'),
(82, 'មាន់ឆាក្ដៅ (S)', 3, 'nofood.png', 0, 1, 2.5, 10, 0, '2022-10-06 01:45:24'),
(83, 'មាន់ឆាក្ដៅ (L)', 5, 'nofood.png', 0, 1, 4.5, 10, 0, '2022-10-06 01:45:24'),
(84, 'ស្លាបមាន់បំពងរ៉ូទី (S) ', 2.5, 'nofood.png', 0, 1, 2, 10, 0, '2022-10-06 01:45:24'),
(85, 'ស្លាបមាន់បំពងរ៉ូទី (L)', 5, 'nofood.png', 0, 1, 4.5, 10, 0, '2022-10-06 01:45:24'),
(86, 'ស្លាបមាន់អាំង (S)', 3, 'nofood.png', 0, 1, 2.5, 10, 0, '2022-10-06 01:45:24'),
(87, 'ស្លាបមាន់អាំង (L)', 5, 'nofood.png', 0, 1, 4.5, 10, 0, '2022-10-06 01:45:24'),
(88, 'សរសៃកែងមាន់បំពងខ្ទឹម ស (S)', 2.5, 'nofood.png', 0, 1, 2, 10, 0, '2022-10-06 01:45:24'),
(89, 'សរសៃកែងមាន់បំពងខ្ទឹម ស (L)', 5, 'nofood.png', 0, 1, 4.5, 10, 0, '2022-10-06 01:45:24'),
(90, 'ភ្លាសាច់គោ (S)', 3, 'nofood.png', 0, 1, 2.5, 10, 0, '2022-10-06 01:45:24'),
(91, 'ភ្លាសាច់គោ (L)', 5, 'nofood.png', 0, 1, 4.5, 10, 0, '2022-10-06 01:45:24'),
(92, 'ឡាបសាច់គោ (S)', 3, 'nofood.png', 0, 1, 2.5, 10, 0, '2022-10-06 01:45:24'),
(93, 'សាច់គោបំពងល្ង (S)', 3, 'nofood.png', 0, 1, 2.5, 10, 0, '2022-10-06 01:45:24'),
(94, 'សាច់គោបំពងល្ង (L)', 5, 'nofood.png', 0, 1, 4.5, 10, 0, '2022-10-06 01:45:24'),
(95, 'ងៀតគោ (S)', 3, 'nofood.png', 0, 1, 2.5, 10, 0, '2022-10-06 01:45:24'),
(96, 'ងៀតគោ (L)', 5, 'nofood.png', 0, 1, 4.5, 10, 0, '2022-10-06 01:45:24'),
(97, 'ខាត់ណាឆាសាច់គោ (S)', 3, 'nofood.png', 0, 1, 2.5, 10, 0, '2022-10-06 01:45:24'),
(98, 'ខាត់ណាឆាសាច់គោ (L)', 5, 'nofood.png', 0, 1, 4.5, 10, 0, '2022-10-06 01:45:24'),
(99, 'ងាវឆាអំពិលទុំ (S)', 3, 'nofood.png', 0, 1, 2.5, 10, 0, '2022-10-06 01:45:24'),
(100, 'ងាវឆាអំពិលទុំ (L)', 5, 'nofood.png', 0, 1, 4.5, 10, 0, '2022-10-06 01:45:24'),
(101, 'ឡុកឡាក់បែបអង់គ្លេស (S)', 3, 'nofood.png', 0, 1, 2.5, 10, 0, '2022-10-06 01:45:24'),
(102, 'ឡុកឡាក់បែបអង់គ្លេស (L)', 5, 'nofood.png', 0, 1, 4.5, 10, 0, '2022-10-06 01:45:24'),
(103, 'បុកសណ្ដែកកួរសាច់គោ (S)', 3, 'nofood.png', 0, 1, 2.5, 10, 0, '2022-10-06 01:45:24'),
(104, 'បុកសណ្ដែកកួរសាច់គោ (L)', 5, 'nofood.png', 0, 1, 4.5, 10, 0, '2022-10-06 01:45:24'),
(105, 'ប្រហិតសាច់គោអំបិលម្ទេស (S)', 3, 'nofood.png', 0, 1, 2.5, 10, 0, '2022-10-06 01:45:24'),
(106, 'ប្រហិតសាច់គោអំបិលម្ទេស (L)', 5, 'nofood.png', 0, 1, 4.5, 10, 0, '2022-10-06 01:45:24'),
(107, 'ឡាបសាច់ជ្រូក (S)', 3, 'nofood.png', 0, 1, 2.5, 10, 0, '2022-10-06 01:45:24'),
(108, 'ឡាបសាច់ជ្រូក (L)', 5, 'nofood.png', 0, 1, 4.5, 10, 0, '2022-10-06 01:45:24'),
(109, 'ឆ្អឹងជំនីជ្រូកបំពងខ្ទឹម ស (S)', 3, 'nofood.png', 0, 1, 2.5, 10, 0, '2022-10-06 01:45:24'),
(110, 'ឆ្អឹងជំនីជ្រូកបំពងខ្ទឹម ស (L)', 5, 'nofood.png', 0, 1, 4.5, 10, 0, '2022-10-06 01:45:24'),
(111, 'ឆ្អឹងជំនីជ្រូកអាំង (S)', 3, 'nofood.png', 0, 1, 2.5, 10, 0, '2022-10-06 01:45:24'),
(112, 'ឆ្អឹងជំនីជ្រូកអាំង (L)', 5, 'nofood.png', 0, 1, 4.5, 10, 0, '2022-10-06 01:45:24'),
(113, 'បុកហៃប៊ី សាច់ជ្រូកបីជាន់បំពងស្រួយ (S)', 3.5, 'nofood.png', 0, 1, 2.5, 10, 0, '2022-10-06 01:45:24'),
(114, 'បុកហៃប៊ី សាច់ជ្រូកបីជាន់បំពងស្រួយ (L)', 5, 'nofood.png', 0, 1, 4.5, 10, 0, '2022-10-06 01:45:24'),
(115, 'ភ្លាគ្រឿងសមុទ្រ (S)', 3, 'nofood.png', 0, 1, 2.5, 10, 0, '2022-10-06 01:45:24'),
(116, 'ភ្លាគ្រឿងសមុទ្រ (L)', 5, 'nofood.png', 0, 1, 4.5, 10, 0, '2022-10-06 01:45:24'),
(117, 'បង្គាលីងខ្ទឹម ស (S)', 3, 'nofood.png', 0, 1, 2.5, 10, 0, '2022-10-06 01:45:24'),
(118, 'បង្គាលីងខ្ទឹម ស (L)', 5, 'nofood.png', 0, 1, 4.5, 10, 0, '2022-10-06 01:45:24'),
(119, 'បង្គាទិកភ្នែក (S)', 3, 'nofood.png', 0, 1, 2.5, 10, 0, '2022-10-06 01:45:24'),
(120, 'បង្គាទិកភ្នែក (L)', 5, 'nofood.png', 0, 1, 4.5, 10, 0, '2022-10-06 01:45:24'),
(121, 'បង្គាអាំង (L)', 5, 'nofood.png', 0, 1, 4.5, 10, 0, '2022-10-06 01:45:24'),
(122, 'មិកអាំង (S)', 3.5, 'nofood.png', 0, 1, 3, 10, 0, '2022-10-06 01:45:24'),
(123, 'មិកអាំង (L)', 5, 'nofood.png', 0, 1, 4.5, 10, 0, '2022-10-06 01:45:24'),
(124, 'យីហ៊ឺអាំង (S)', 3, 'nofood.png', 0, 1, 2.5, 10, 0, '2022-10-06 01:45:24'),
(125, 'យីហ៊ឺអាំង (L)', 5, 'nofood.png', 0, 1, 4.5, 10, 0, '2022-10-06 01:45:24'),
(126, 'ងាវឆាអំពិលទុំ (L)', 5, 'nofood.png', 0, 1, 4.5, 10, 0, '2022-10-06 01:45:24'),
(127, 'ងាវអាំងម្ទេស (S)', 3, 'nofood.png', 0, 1, 2.5, 10, 0, '2022-10-06 01:45:24'),
(128, 'ងាវអាំងម្ទេស (L)', 5, 'nofood.png', 0, 1, 4.5, 10, 0, '2022-10-06 01:45:24'),
(129, 'បង្គាបុកចេកខ្ចី (S)', 3, 'nofood.png', 0, 1, 2.5, 10, 0, '2022-10-06 01:45:24'),
(130, 'បង្គាបុកចេកខ្ចី (L)', 5, 'nofood.png', 0, 1, 4.5, 10, 0, '2022-10-06 01:45:24'),
(131, 'អន្ទង់ឆាក្តៅ (S)', 3, 'nofood.png', 0, 1, 2.5, 10, 0, '2022-10-06 01:45:24'),
(132, 'អន្ទង់ឆាក្តៅ (L)', 5, 'nofood.png', 0, 1, 4.5, 10, 0, '2022-10-06 01:45:24'),
(133, 'កង្កែបឆាក្តៅ (S)', 3, 'nofood.png', 0, 1, 2.5, 10, 0, '2022-10-06 01:45:24'),
(134, 'កង្កែបឆាក្តៅ (L)', 5, 'nofood.png', 0, 1, 4.5, 10, 0, '2022-10-06 01:45:24'),
(135, 'ត្រីក្រហមអាំងម្ទេស (L)', 7, 'nofood.png', 0, 1, 6.5, 10, 0, '2022-10-06 01:45:24'),
(136, 'ត្រីសាបាក់អាំងម្ទេស (L)', 7, 'nofood.png', 0, 1, 6.5, 10, 0, '2022-10-06 01:45:24'),
(137, 'ត្រីក្រហមបំពងជូអែម (L)', 7, 'nofood.png', 0, 1, 6.5, 10, 0, '2022-10-06 01:45:24'),
(138, 'ត្រីចំហុយទឹកស៊ីអីវ (L)', 7, 'nofood.png', 0, 1, 6.5, 10, 0, '2022-10-06 01:45:24'),
(139, 'បុកសណ្ដែកកួរត្រីឆ្អើរ (S)', 3, 'nofood.png', 0, 1, 2.5, 10, 0, '2022-10-06 01:45:24'),
(140, 'បុកសណ្ដែកកួរត្រីឆ្អើរ (L)', 5, 'nofood.png', 0, 1, 4.5, 10, 0, '2022-10-06 01:45:24'),
(141, 'ត្រីចំហ៊ុយក្រូចឆ្មា (L)', 7, 'nofood.png', 0, 1, 6.5, 10, 0, '2022-10-06 01:45:24'),
(142, 'ខាត់ណាទឹកភ្នែក (S)', 3, 'nofood.png', 0, 1, 2.5, 10, 0, '2022-10-06 01:45:24'),
(143, 'ខាត់ណាទឹកភ្នែក (L)', 5, 'nofood.png', 0, 1, 4.5, 10, 0, '2022-10-06 01:45:24'),
(144, 'ពោតលីង (L)', 5, 'nofood.png', 0, 1, 4.5, 10, 0, '2022-10-06 01:45:24'),
(145, 'បន្លែឆាពិសេស (S)', 3.5, 'nofood.png', 0, 1, 2.5, 10, 0, '2022-10-06 01:45:24'),
(146, 'បន្លែឆាពិសេស (L)', 5, 'nofood.png', 0, 1, 4.5, 10, 0, '2022-10-06 01:45:24'),
(147, 'ត្រកួនប្រេងខ្យង (S)', 2.5, 'nofood.png', 0, 1, 2, 10, 0, '2022-10-06 01:45:24'),
(148, 'ត្រកួនប្រេងខ្យង (L)', 5, 'nofood.png', 0, 1, 4.5, 10, 0, '2022-10-06 01:45:24'),
(149, 'បន្លែឆាតាមរដូវកាល (S)', 2.5, 'nofood.png', 0, 1, 2, 10, 0, '2022-10-06 01:45:24'),
(150, 'បន្លែឆាតាមរដូវកាល (L)', 5, 'nofood.png', 0, 1, 4.5, 10, 0, '2022-10-06 01:45:24'),
(151, 'ញាំត្រយ៉ុងចេកសាច់មាន់ (S)', 3, 'nofood.png', 0, 1, 2.5, 10, 0, '2022-10-06 01:45:24'),
(152, 'ញាំត្រយ៉ុងចេកសាច់មាន់ (L)', 5, 'nofood.png', 0, 1, 4.5, 10, 0, '2022-10-06 01:45:24'),
(153, 'ញាំត្រយ៉ុងចេកគ្រឿងសមុទ្រ (S)', 3, 'nofood.png', 0, 1, 2.5, 10, 0, '2022-10-06 01:45:24'),
(154, 'ញាំត្រយ៉ុងចេកគ្រឿងសមុទ្រ (L)', 5, 'nofood.png', 0, 1, 4.5, 10, 0, '2022-10-06 01:45:24'),
(155, 'បាយយ៉ាងចូវ (S)', 3, 'nofood.png', 0, 1, 2.5, 10, 0, '2022-10-06 01:45:24'),
(156, 'បាយយ៉ាងចូវ (L)', 5, 'nofood.png', 0, 1, 4.5, 10, 0, '2022-10-06 01:45:24'),
(157, 'បាយ 79 (S)', 2.5, 'nofood.png', 0, 1, 2, 10, 0, '2022-10-06 01:45:24'),
(158, 'បាយ 79 (L)', 5, 'nofood.png', 0, 1, 4.5, 10, 0, '2022-10-06 01:45:24'),
(159, 'បាយសាច់គោ (S)', 3, 'nofood.png', 0, 1, 2.5, 10, 0, '2022-10-06 01:45:24'),
(160, 'បាយសាច់គោ (L)', 5, 'nofood.png', 0, 1, 4.5, 10, 0, '2022-10-06 01:45:24'),
(161, 'សម្លតុងយ៉ាំង (S)', 3, 'nofood.png', 0, 1, 2.5, 10, 0, '2022-10-06 01:45:24'),
(162, 'សម្លតុងយ៉ាំង (L)', 5, 'nofood.png', 0, 1, 4.5, 10, 0, '2022-10-06 01:45:24'),
(163, 'បុកល្ហុងពិសេសនាដ (S)', 5, 'nofood.png', 0, 1, 4, 10, 0, '2022-10-06 01:45:24'),
(164, 'បង្កាទឹកស៊ីអ៊ីវ (L)', 5, 'nofood.png', 0, 1, 4, 10, 0, '2022-10-06 01:45:24'),
(165, 'ត្រីសាម៉ុន (L)', 12, 'nofood.png', 0, 1, 11, 10, 0, '2022-10-06 01:45:24'),
(166, 'ថៃហ្គ័រ (Can)', 1, '011913pmTiger-Beer-Cans-330ml.jpg', 0, 3, 0.5, 10, 0, '2022-10-06 01:45:24'),
(167, 'ថៃហ្គ័រ (Bottle)', 1.25, '012002pm8848017112017-1.jpg', 0, 3, 1, 10, 0, '2022-10-06 01:45:24'),
(168, 'អាន់ឆ័រ (Can)', 0.75, '012319pmMOJ-R02.jpg', 0, 3, 0.5, 10, 0, '2022-10-06 01:45:24'),
(169, 'អាន់ឆ័រ (Bottle)', 1, '012435pm8848017111010-1.jpg', 0, 3, 0.75, 10, 0, '2022-10-06 01:45:24'),
(170, 'អង្គរ (Can)', 0.75, 'nofood.png', 0, 3, 0.5, 10, 0, '2022-10-06 01:45:24'),
(171, 'អង្គរ (Bottle)', 1, 'nofood.png', 0, 3, 0.75, 10, 0, '2022-10-06 01:45:24'),
(172, 'ហិននីហ្គិន (Can)', 1, 'nofood.png', 0, 3, 0.75, 10, 0, '2022-10-06 01:45:24'),
(173, 'ហិននីហ្គិន (Bottle)', 1.38, 'nofood.png', 0, 3, 1, 10, 0, '2022-10-06 01:45:24'),
(174, 'ហនុមាន (Can)', 1, 'nofood.png', 0, 3, 0.75, 10, 0, '2022-10-06 01:45:24'),
(175, 'ហនុមាន (Bottle)', 1.25, 'nofood.png', 0, 3, 1, 10, 0, '2022-10-06 01:45:24'),
(176, 'អាបេសេ (Can)', 1.5, 'nofood.png', 0, 3, 1.25, 10, 0, '2022-10-06 01:45:24'),
(177, 'អាបេសេ (Bottle)', 2, 'nofood.png', 0, 3, 1.75, 10, 0, '2022-10-06 01:45:24'),
(178, 'ហ្គែនស្បឺត (Can)', 0.75, 'nofood.png', 0, 3, 0.5, 10, 0, '2022-10-06 01:45:24'),
(179, 'Green Tea Latte', 1.25, 'nofood.png', 0, 4, 1, 10, 0, '2022-10-06 01:45:24'),
(180, 'Chocolate', 1.25, 'nofood.png', 0, 4, 1, 10, 0, '2022-10-06 01:45:24'),
(181, 'Mocha', 1.25, 'nofood.png', 0, 4, 1, 10, 0, '2022-10-06 01:45:24'),
(182, 'Lemon Tea', 1.25, 'nofood.png', 0, 4, 1, 10, 0, '2022-10-06 01:45:24'),
(183, 'Iced Espresso', 1.5, 'nofood.png', 0, 5, 1.25, 10, 0, '2022-10-06 01:45:24'),
(184, 'Iced Coffee With Milk', 1.5, 'nofood.png', 0, 5, 1.25, 10, 0, '2022-10-06 01:45:24'),
(185, 'Iced Chocolate ', 1.5, 'nofood.png', 0, 5, 1.25, 10, 0, '2022-10-06 01:45:24'),
(186, 'Iced Mocha', 1.5, 'nofood.png', 0, 5, 1.25, 10, 0, '2022-10-06 01:45:24'),
(187, 'Iced Lemon Tea', 1.25, 'nofood.png', 0, 5, 1, 10, 0, '2022-10-06 01:45:24'),
(188, 'Iced Vanilla', 1.25, 'nofood.png', 0, 5, 1, 10, 0, '2022-10-06 01:45:24'),
(189, 'Coffee Frappe', 1.75, 'nofood.png', 0, 6, 1.5, 9, 0, '2022-10-06 01:45:24'),
(190, 'Mocha Frappe', 1.75, 'nofood.png', 0, 6, 1.5, 9, 0, '2022-10-06 01:45:24'),
(191, 'Chocolate Frappe', 1.75, 'nofood.png', 0, 6, 1.5, 9, 0, '2022-10-06 01:45:24'),
(192, 'Strawberry Frappe', 1.75, 'nofood.png', 0, 6, 1.5, 10, 0, '2022-10-06 01:45:24'),
(193, 'Kiwi Frappe', 1.75, 'nofood.png', 0, 6, 1.5, 10, 0, '2022-10-06 01:45:24'),
(194, 'Black Tea Peach fresh fruit', 2, 'nofood.png', 0, 7, 1.75, 10, 0, '2022-10-06 01:45:24'),
(201, 'ទឹកសុទ្ធ គូលេន (Bottle)', 0.38, '041304pmdownload.png', 0, 2, 0.25, 10, 0, '2022-11-21 21:50:22'),
(202, 'គោជល់ (Can)', 0.63, '041611pmAIK-00017.jpg', 0, 2, 0.5, 10, 0, '2022-11-21 21:55:12'),
(204, 'អាយ​ ខូឡា (Can)', 0.63, '042048pm8847100740700.jpg', 0, 2, 0.5, 10, 0, '2022-11-21 21:56:20'),
(205, 'ខារ៉ាប៉ាវ (Can)', 0.63, '042505pm8855790000028.jpg', 0, 2, 0.5, 10, 0, '2022-11-21 21:56:56'),
(206, 'ទឹកសុទ្ធ វីតាល់ (Bottle)', 0.38, '035708pm316044121_558277306304668_7164659577291781806_n.jpg', 0, 2, 0.25, 10, 0, '2022-11-21 21:57:08'),
(207, 'អូអីុឈិ (Bottle)', 0.63, '035722pm316044121_558277306304668_7164659577291781806_n.jpg', 0, 2, 0.5, 10, 0, '2022-11-21 21:57:22'),
(208, 'ប៉ូការីស្វេត (Bottle)', 0.63, '035814pm316044121_558277306304668_7164659577291781806_n.jpg', 0, 2, 0.5, 10, 0, '2022-11-21 21:58:14'),
(209, 'សាម៉ារ៉ាយ (Can)', 0.63, '035826pm316044121_558277306304668_7164659577291781806_n.jpg', 0, 2, 0.5, 10, 0, '2022-11-21 21:58:26'),
(217, 'គ្រុឌ (Can)', 1, '040616pm316044121_558277306304668_7164659577291781806_n.jpg', 0, 3, 0.75, 10, 0, '2022-11-21 22:06:16'),
(218, 'គ្រុឌ (Bottle)', 1.25, '040653pm316044121_558277306304668_7164659577291781806_n.jpg', 0, 3, 1, 10, 0, '2022-11-21 22:06:53'),
(219, 'ខេមបូឌា (Can)', 1, '040705pm316044121_558277306304668_7164659577291781806_n.jpg', 0, 3, 0.75, 10, 0, '2022-11-21 22:07:05'),
(220, 'ខេមបូឌា (Bottle)', 1.25, '040718pm316044121_558277306304668_7164659577291781806_n.jpg', 0, 3, 1, 10, 0, '2022-11-21 22:07:18'),
(221, 'Red Wine (Bottle)', 17, '040745pm316044121_558277306304668_7164659577291781806_n.jpg', 0, 3, 15, 10, 0, '2022-11-21 22:07:45'),
(222, 'White Wine (Bottle)', 17, '040757pm316044121_558277306304668_7164659577291781806_n.jpg', 0, 3, 15, 10, 0, '2022-11-21 22:07:57'),
(223, 'Jack Daniel Whisky', 30, '040810pm316044121_558277306304668_7164659577291781806_n.jpg', 0, 3, 25, 10, 0, '2022-11-21 22:08:10'),
(225, 'Vodka (Bottle)', 13, '040903pm316044121_558277306304668_7164659577291781806_n.jpg', 0, 3, 10, 10, 0, '2022-11-21 22:09:03');

-- --------------------------------------------------------

--
-- Table structure for table `tbl_report`
--

CREATE TABLE `tbl_report` (
  `id` int(11) NOT NULL,
  `payment_id` int(11) NOT NULL,
  `product_id` int(11) NOT NULL,
  `product_name` varchar(255) NOT NULL,
  `product_type` int(11) NOT NULL DEFAULT 1,
  `product_price` float NOT NULL,
  `product_cost` float NOT NULL,
  `order_qty` int(11) NOT NULL,
  `order_created` datetime NOT NULL DEFAULT current_timestamp()
) ENGINE=InnoDB DEFAULT CHARSET=utf8;

--
-- Dumping data for table `tbl_report`
--

INSERT INTO `tbl_report` (`id`, `payment_id`, `product_id`, `product_name`, `product_type`, `product_price`, `product_cost`, `order_qty`, `order_created`) VALUES
(10, 1158, 1, 'ស្តេកប្រចាំហាងខ្វិតសៀមរាប (L)', 1, 5.4, 5.5, 1, '2022-11-23 23:08:06'),
(11, 1158, 38, 'ទឹកសុទ្ធ អង្គរពូរ៉ូ (Bottle)', 2, 0.38, 0.25, 1, '2022-11-23 23:08:24'),
(12, 1158, 39, 'កូកាកូឡា (Can)', 2, 0.63, 0.5, 1, '2022-11-23 23:08:27'),
(13, 1158, 10, 'មឹកអាំងពិសេស (S)', 1, 3, 2.5, 1, '2022-11-23 23:08:33');

-- --------------------------------------------------------

--
-- Table structure for table `tbl_table`
--

CREATE TABLE `tbl_table` (
  `id` int(11) NOT NULL,
  `number` int(11) DEFAULT NULL,
  `type` int(11) DEFAULT NULL,
  `customer` int(11) DEFAULT NULL,
  `status` int(11) DEFAULT NULL,
  `created_at` datetime DEFAULT NULL
) ENGINE=InnoDB DEFAULT CHARSET=utf8mb4;

--
-- Dumping data for table `tbl_table`
--

INSERT INTO `tbl_table` (`id`, `number`, `type`, `customer`, `status`, `created_at`) VALUES
(1, 1, 1, 4, 1, '2022-09-01 19:22:56'),
(2, 2, 4, 4, 1, '2022-09-01 19:22:56'),
(3, 3, 1, 4, 1, '2022-09-01 19:22:56'),
(4, 4, 2, 4, 1, '2022-09-01 19:22:42'),
(5, 5, 2, 4, 1, '2022-09-01 19:22:56'),
(6, 6, 4, 4, 1, '2022-09-01 19:22:56'),
(7, 7, 1, 4, 1, '2022-09-01 19:22:56'),
(8, 8, 2, 4, 1, '2022-09-01 19:22:56'),
(36, 9, 3, 4, 1, '2022-06-05 20:58:02'),
(75, 10, 4, 4, 1, '2022-06-13 21:47:46'),
(76, 11, 2, 4, 1, '2022-06-13 21:47:59'),
(77, 12, 3, 4, 1, '2022-06-13 21:48:08'),
(78, 14, 1, 4, 1, '2022-06-13 21:48:25'),
(79, 15, 3, 4, 1, '2022-06-13 23:54:39'),
(82, 16, 3, 4, 1, '2022-07-02 14:43:14'),
(83, 17, 2, 4, 1, '2022-07-02 14:43:24'),
(84, 18, 3, 4, 1, '2022-07-02 14:43:30'),
(85, 19, 3, 4, 1, '2022-07-02 14:43:40'),
(86, 20, 3, 4, 1, '2022-07-02 14:43:49');

-- --------------------------------------------------------

--
-- Table structure for table `tbl_theme`
--

CREATE TABLE `tbl_theme` (
  `id` int(11) NOT NULL,
  `color1` varchar(7) DEFAULT NULL,
  `color2` varchar(7) DEFAULT NULL,
  `color3` varchar(7) DEFAULT NULL,
  `color4` varchar(7) DEFAULT NULL
) ENGINE=InnoDB DEFAULT CHARSET=utf8mb4;

--
-- Dumping data for table `tbl_theme`
--

INSERT INTO `tbl_theme` (`id`, `color1`, `color2`, `color3`, `color4`) VALUES
(1, '#dbe9f4', '#003e49', '#007286', '#ffffff');

--
-- Indexes for dumped tables
--

--
-- Indexes for table `tbl_account`
--
ALTER TABLE `tbl_account`
  ADD PRIMARY KEY (`id`);

--
-- Indexes for table `tbl_discount`
--
ALTER TABLE `tbl_discount`
  ADD PRIMARY KEY (`id`);

--
-- Indexes for table `tbl_fee`
--
ALTER TABLE `tbl_fee`
  ADD PRIMARY KEY (`id`);

--
-- Indexes for table `tbl_guest`
--
ALTER TABLE `tbl_guest`
  ADD PRIMARY KEY (`id`),
  ADD KEY `FK_tbl_guest_tbl_table` (`idtable`);

--
-- Indexes for table `tbl_inventory`
--
ALTER TABLE `tbl_inventory`
  ADD PRIMARY KEY (`id`),
  ADD KEY `FK_tbl_inventory_tbl_product` (`idproduct`);

--
-- Indexes for table `tbl_order`
--
ALTER TABLE `tbl_order`
  ADD PRIMARY KEY (`id`),
  ADD KEY `FK_tbl_order_tbl_table` (`idtable`),
  ADD KEY `FK_tbl_order_tbl_account` (`idadmin`),
  ADD KEY `FK_tbl_order_tbl_product` (`idproduct`);

--
-- Indexes for table `tbl_payment`
--
ALTER TABLE `tbl_payment`
  ADD PRIMARY KEY (`id`);

--
-- Indexes for table `tbl_product`
--
ALTER TABLE `tbl_product`
  ADD PRIMARY KEY (`id`);

--
-- Indexes for table `tbl_report`
--
ALTER TABLE `tbl_report`
  ADD PRIMARY KEY (`id`),
  ADD KEY `FK_tbl_report_tbl_payment` (`payment_id`),
  ADD KEY `FK_tbl_report_tbl_product` (`product_id`);

--
-- Indexes for table `tbl_table`
--
ALTER TABLE `tbl_table`
  ADD PRIMARY KEY (`id`);

--
-- Indexes for table `tbl_theme`
--
ALTER TABLE `tbl_theme`
  ADD PRIMARY KEY (`id`);

--
-- AUTO_INCREMENT for dumped tables
--

--
-- AUTO_INCREMENT for table `tbl_account`
--
ALTER TABLE `tbl_account`
  MODIFY `id` int(11) NOT NULL AUTO_INCREMENT, AUTO_INCREMENT=16;

--
-- AUTO_INCREMENT for table `tbl_discount`
--
ALTER TABLE `tbl_discount`
  MODIFY `id` int(11) NOT NULL AUTO_INCREMENT, AUTO_INCREMENT=2;

--
-- AUTO_INCREMENT for table `tbl_fee`
--
ALTER TABLE `tbl_fee`
  MODIFY `id` int(11) NOT NULL AUTO_INCREMENT, AUTO_INCREMENT=3;

--
-- AUTO_INCREMENT for table `tbl_guest`
--
ALTER TABLE `tbl_guest`
  MODIFY `id` int(11) NOT NULL AUTO_INCREMENT, AUTO_INCREMENT=50;

--
-- AUTO_INCREMENT for table `tbl_inventory`
--
ALTER TABLE `tbl_inventory`
  MODIFY `id` int(11) NOT NULL AUTO_INCREMENT, AUTO_INCREMENT=1128;

--
-- AUTO_INCREMENT for table `tbl_order`
--
ALTER TABLE `tbl_order`
  MODIFY `id` int(11) NOT NULL AUTO_INCREMENT, AUTO_INCREMENT=5432;

--
-- AUTO_INCREMENT for table `tbl_payment`
--
ALTER TABLE `tbl_payment`
  MODIFY `id` int(11) NOT NULL AUTO_INCREMENT, AUTO_INCREMENT=1160;

--
-- AUTO_INCREMENT for table `tbl_product`
--
ALTER TABLE `tbl_product`
  MODIFY `id` int(11) NOT NULL AUTO_INCREMENT, AUTO_INCREMENT=228;

--
-- AUTO_INCREMENT for table `tbl_report`
--
ALTER TABLE `tbl_report`
  MODIFY `id` int(11) NOT NULL AUTO_INCREMENT, AUTO_INCREMENT=15;

--
-- AUTO_INCREMENT for table `tbl_table`
--
ALTER TABLE `tbl_table`
  MODIFY `id` int(11) NOT NULL AUTO_INCREMENT, AUTO_INCREMENT=90;

--
-- AUTO_INCREMENT for table `tbl_theme`
--
ALTER TABLE `tbl_theme`
  MODIFY `id` int(11) NOT NULL AUTO_INCREMENT, AUTO_INCREMENT=2;

--
-- Constraints for dumped tables
--

--
-- Constraints for table `tbl_guest`
--
ALTER TABLE `tbl_guest`
  ADD CONSTRAINT `FK_tbl_guest_tbl_table` FOREIGN KEY (`idtable`) REFERENCES `tbl_table` (`id`) ON DELETE NO ACTION ON UPDATE NO ACTION;

--
-- Constraints for table `tbl_inventory`
--
ALTER TABLE `tbl_inventory`
  ADD CONSTRAINT `FK_tbl_inventory_tbl_product` FOREIGN KEY (`idproduct`) REFERENCES `tbl_product` (`id`) ON DELETE NO ACTION ON UPDATE NO ACTION;

--
-- Constraints for table `tbl_order`
--
ALTER TABLE `tbl_order`
  ADD CONSTRAINT `FK_tbl_order_tbl_account` FOREIGN KEY (`idadmin`) REFERENCES `tbl_account` (`id`) ON DELETE NO ACTION ON UPDATE NO ACTION,
  ADD CONSTRAINT `FK_tbl_order_tbl_product` FOREIGN KEY (`idproduct`) REFERENCES `tbl_product` (`id`) ON DELETE NO ACTION ON UPDATE NO ACTION,
  ADD CONSTRAINT `FK_tbl_order_tbl_table` FOREIGN KEY (`idtable`) REFERENCES `tbl_table` (`id`) ON DELETE NO ACTION ON UPDATE NO ACTION;

--
-- Constraints for table `tbl_report`
--
ALTER TABLE `tbl_report`
  ADD CONSTRAINT `FK_tbl_report_tbl_payment` FOREIGN KEY (`payment_id`) REFERENCES `tbl_payment` (`id`) ON DELETE NO ACTION ON UPDATE NO ACTION,
  ADD CONSTRAINT `FK_tbl_report_tbl_product` FOREIGN KEY (`product_id`) REFERENCES `tbl_product` (`id`) ON DELETE NO ACTION ON UPDATE NO ACTION;
COMMIT;

/*!40101 SET CHARACTER_SET_CLIENT=@OLD_CHARACTER_SET_CLIENT */;
/*!40101 SET CHARACTER_SET_RESULTS=@OLD_CHARACTER_SET_RESULTS */;
/*!40101 SET COLLATION_CONNECTION=@OLD_COLLATION_CONNECTION */;
